PRS_NAT,PRS_NAT_LIB
0,SANS OBJET
1039,TELECONSULTATION PEDIATRE 2-6 ANS
1040,TELECONSULTATION PEDIATRE 0-2 ANS
1041,CONSULT. PSYCHIATRE NEUROLOGUE
1042,CONSULTATION PEDIATRE 0-2 ANS
1043,CONSULTATION PEDIATRE 2-6 ANS
1044,CONSULTATION PEDIATRE 6 ANS ET +
1045,EXAM PARENTAL GROSSESSE CO-PARENT
1046,TELECONSULTATION SPECIALISTE
1047,CONSULTATION PSYCHIATRE RAPIDE SUITE ORIENTATION SAS OU MTT
1048,CONSULTATION INIT MT ALD
1049,SUPPL. PEDIATRIQUE URGENCE 2
1050,FORFAIT CONSULTATION URGENCE 0
1051,SUPPL. PEDIATRIQUE URGENCE 1
1052,REMU BIOSIMILAIRE
1053,FORFAIT VSM
1054,BILAN MRTC
1055,SUIVI MRTC
1056,TELECONSULTATION GENERALISTE IVG
1057,TELECONSULTATION SPECIALISTE IVG
1058,EXAMEN OBLIGATOIRE ENFANT COJ
1059,EXAMEN OBLIGATOIRE ENFANT COK
1060,MAJORATION GYNECO MEDICALE
1061,MAJORATION PSY ENFANT
1062,CDE CONGE PARENTAL
1063,CDE CONGE MALADIE
1064,CDE GARANTIE REVENU 1ERE ANNEE
1065,FORFAIT EFFECTEUR SAS
1066,FORFAIT REGULATEUR SAS
1067,SUPPLEMENT URGENCE CCMU 3
1068,SUPP. AVIS DE SPECIALISTE
1069,SUPP. IMAGERIE EN COUPE
1070,BIO MEDICALE CLASSE AGE 2
1071,BIO MEDICALE CLASSE AGE 3
1072,SUPP. NUIT MEDECIN URGENTISTE
1073,SUPP DIMANCHE/FERIE -URGENTISTE
1074,SUPP NUIT SPE/BIO/IMAGERIE
1075,SUP DIMANCHE/FERIE SPE/BIO/IMAGE
1076,CODE TRACEUR SAS
1077,SUPPLEMENT URGENCE CCMU 2
1078,SUPPLEMENT URGENCE BIOLOGIE
1079,SUPPLEMENT URGENCE IMAGERIE
1080,SUPPLEMENT URGENCE MODE ARRIVEE
1081,FORFAIT CONSULTATION URGENCE 1
1082,FORFAIT CONSULTATION URGENCE 2
1083,FORFAIT CONSULTATION URGENCE 3
1084,FORFAIT CONSULTATION URGENCE 4
1085,CONSULTATION PROTOCOLE COOPERATIF
1086,TELESOINS SF
1087,AIDE ASSISTANT MEDICAL  COMPLEMENT
1088,AIDE ASSISTANT MEDICAL
1089,EXAMEN OBLIGATOIRE ENFANT COM
1090,EXAMEN OBLIGATOIRE ENFANT COH
1091,EXAMEN OBLIGATOIRE ENFANT COD
1092,EXAMEN OBLIGATOIRE ENFANT COG
1093,EXAMEN OBLIGATOIRE ENFANT COB
1094,EXAMEN OBLIGATOIRE ENFANT COA
1095,MAJORATION SPECIFIQUE MOINS DE 16 ANS MAYOTTE
1096,TELECONSULTATION MEDECIN TRAITANT AVEC EHPAD
1097,TELE EXPERTISE DOSSIER TRAITANT
1098,CONSULTATION CCMU 3
1099,CONSULTATION CCMU 4 ET 5
1100,PROTOCOLE MURAINE - BILAN VISUEL
1101,AVIS PONCTUEL DE CONSULTANT PUPH
1102,AVIS PONCTUEL DE CONSULTANT PSYCHIATRE
1103,AVIS PONCTUEL DE CONSULTANT
1104,CONSULTATION OBLIGATOIRE ENFANT
1105,CONSULTATION COMPLEXE
1106,MAJORATION CONSULTATION COMPLEXE
1107,CONSULTATION TRES COMPLEXE ENFANT
1108,MAJORATION CONSULTATION TRES COMPLEXE
1109,CONSULTATION SPECIALISTE MEDECINE GENERALE
1110,CONSULTATION MEDECINE GENERALE
1111,CONSULTATION COTEE C
1112,CONSULTATION COTEE CS
1113,CONSULTATION COTEE CNP
1114,CONSULTATION SPECIFIQUE CARDIOLOGIE
1115,CONSULTATION BILAN
1116,MAJORATION FORFAITAIRE TRANSITOIRE
1117,CONSULTATION DES SPECIALISTES COTEE C2
1118,"CONSULTATION DES PSYCHIATRES COTEE C2,5"
1119,MAJORATION TRANSITOIRE SPECIFIQUE
1120,COMPLEMENT CONSULTATION SPECIALISTE
1121,HONORAIRE DE SURVEILLANCE
1122,EXAMEN SPECIAL (PROTOCOLE)
1123,SUITE D  EXAMEN DE SANTE
1124,REMUNERATION MEDECIN TRAITANT PAR PATIENT  EN ALD
1125,MAJORATION DE COORDINATION DES GENERALISTES
1126,MAJORATION DE COORDINATION SPECIALISTES
1127,MAJORATION DE COORDINATION CARDIOLOGUES
1128,DIFFERENTIEL REFERENT TRAITANT
1129,MAJORATION FORFAITAIRE TRANSITOIRE (POUR LES MOINS DE 16 ANS)
1130,FORFAIT MEDECIN TRAITANT
1131,MAJORATION CONSULTATION APPAREILLAGE
1132,MAJORATION CONSULTATION ENDOCRINO
1133,MAJORATION GENERALISTE ENFANT
1134,MAJORATION PREMIERE CONSULTATION FAMILLE
1135,MAJORATION CONSULTATION ANNUELLE FAMILLE
1136,MAJORATION ANNUELLE DE SYNTHESE
1137,MAJORATION NOURRISSON
1138,REMUNERATION ADDITIONNELLE CAPI
1139,REMUNERATION DES ADHERENTS AU  CAPI
1140,CONSULTATION SPECIFIQUE DE DEPISTAGE
1141,MAJORATION PEDIATRE ENFANT
1142,REMUNERATION ADHESION SOPHIA (SOINS DE VILLE)
1143,REMUNERATION RENOUVELLEMENT SOPHIA (SOINS DE VILLE)
1144,REMUNERATION FORFAITAIRE POUR LE SUIVI DES PATIENTS EN POST ALD
1145,REMUNERATION OBJECTIF MEDECIN ET CENTRES DE SANTE
1146,REMUNERATION OBJECTIF MEDECIN COMPLEMENT ET CENTRES DE SANTE
1147,CONTESTATION FORFAIT MEDECIN TRAITANT
1148,REMUNERATION FORFAITAIRE PAR CONSULTATION POUR LE SUIVI DES PERSONNES AGEES
1149,CONTESTATION REMUNERATION SUIVI PERSONNES AGEES
1150,REMUNERATION PRATICIENS TERRITORIAUX DE MEDECINE GENERALE
1152,MAJORATION SUIVI DES ENFANTS GRANDS PREMATURES OU ATTEINTS DE PATHOLOGIE CONGENITALE GRAVE
1153,MAJORATION CONSULTATION POUR INSUFFISANT CARDIAQUE APRES HOSPITALISATION
1154,MAJORATION CONSULTATION SUIVI APRES HOSPITALISATION PATIENTS A FORTE COMORBIDITE
1155,REMU CAS COTISATIONS SOCIALES
1156,CONT. CAS COT.SOC.
1157,Acte de téléconsultation
1158,Acte de télé expertise
1159,renouvellement d'optique
1160,TRACAGE COVID
1161,COMPENSATION DE LA PERTE D'ACTIVITE DES PS
1162,REMUNERATION DES PRATICIENS TERRITORIAUX DE MEDECINE AMBULATOIRE
1163,REMUNERATION DEPISTAGE DU CANCER COLORECTAL
1164,TÉLÉ CONSULTATION - ALD ET / OU EHPAD
1165,TÉLÉ EXPERTISE - ALD ET/OU EHPAD
1166,FORFAIT COMPLÉMENTAIRE TÉLÉ EXPERTISE
1167,VERSEMENT DE PENALITE DE RETARD AMO
1168,CONSULTATION PREVENTION SANTE SEXUELLE
1169,REMUNERATION POUR CERTIFICAT DE DECES
1170,PEC EXCEPTIONNELLE DÉPASSEMENT HONORAIRE
1171,RÉMUNÉRATION MÉDECIN TRAITANT CENTRES DE SANTÉ
1172,TELESURVEILLANCE : PS EFFECTUANT L'ACCOMPAGNEMENT
1173,FORFAIT PATIENTELE MEDECIN TRAITANT
1174,TELESURVEILLANCE : MEDECIN TELESURVEILLANT
1175,PEC EXCEPTIONNELLE DEPASSEMENT HONORAIRE TP
1176,CONTRAT INDIVIDUEL EMBAUCHE - AVANCE
1177,AIDE FINANCIERE MATERNITE PATERNITE ADOPTION
1178,FORFAIT STRUCT. MEDECIN
1179,FORFAIT STRUCT. MEDECIN COMPLEMENT
1180,ROSP MT ENFANT
1181,ROSP MT ENFANT COMPLEMENT
1182,REMUNERATION OPTAM
1183,CONTESTATION OPTAM
1184,CONTRAT INDIVIDUEL EMBAUCHE - SOLDE
1185,MURAINE - PAIEMENT DU BONUS ANNUEL
1186,CONTRAT INDIVIDUEL EMBAUCHE   OBJECTIFS COMPLEMENTAIRES
1187,CONTRAT COLLECTIF   AIDE INVESTISSEMENT
1188,CONTRAT COLLECTIF   ATTEINTE DES OBJECTIFS
1189,CONTRAT DE FORMATION
1190,TELESURVEILLANCE : PRIME VARIABLE
1191,TELECONSULTATION TOUTES SPECIALITES
1192,TELECONSULTATION GENERALISTE
1193,TELE EXPERTISE DE NIVEAU 1
1194,TELE EXPERTISE DE NIVEAU 2
1195,FOND INNOVATION - PAIEMENT
1196,FORFAIT INNOVATION SYSTEME DE SANTE
1197,FORFAIT REQUERANT
1198,FORFAIT REQUERANT COMPLEMENTAIRE
1199,DEMANDE TELEEXPERTISE
1201,TELESURVEILLANCE 1
1202,TELESURVEILLANCE 2
1203,RDV PREVENTION MEDECIN SAGE-FEMME
1209,VISITE SPECIALISTE MEDECINE GENERALE
1210,VISITE MEDECINE GENERALE
1211,VISITE COTEE V
1212,VISITE COTEE VS
1213,VISITE COTEE VNP
1214,VISITE LONGUE ET COMPLEXE
1215,AVIS PONCTUEL DE CONSULTANT MEDECIN (VISITE)
1216,AVIS PONCTUEL DE CONSULTANT PSYCHIATRE (VISITE)
1218,VISITE SOINS PALLIATIFS
1221,VISITE D  URGENCE
1222,VISITE URGENCE VU/MU
1224,MD (CRITERES MEDICAUX)
1225,MDE ( CRITERES ENVIRONNEMENTAUX)
1226,MD DE NUIT
1227,MD  DE MILIEU NUIT
1228,MD  DE DIMANCHE ET JOUR FERIES
1311,ACTES EN K CHIRURGICAL
1312,ACTES DE SPECIALITE EN K
1313,ACTES EN K D  URGENCE
1314,FORFAIT CHIRURGIE 1
1315,FORFAIT CHIRURGIE 2
1316,ACTES DE DIAGNOSTIC COTES KE
1317,ACTES EN KCC: ACTES SPECIFIQUES DES CHIRURGIENS
1318,ACTE DE PHONIATRIE PAR MEDECIN
1319,MAJORATION FORFAIT ACCOUCHEMENT
1320,"FORFAIT RADIOGRAPHIE,ECHOGRAPHIE"
1321,ACTE DE CHIRURGIE CCAM
1322,ACTE D'OBSTETRIQUE CCAM
1323,ACTE D'ANESTHESIE CCAM
1324,ACTE D'ECHOGRAPHIE CCAM
1325,ACTE DE CHIRURGIE CD CCAM
1331,ACTES DE RADIOLOGIE
1332,ACTES DE RADIOLOGIE NUCLEAIRE
1333,MAJORATION POUR PRODUIT RADIOPHARMACEUTIQUE
1335,ACTE DE RADIOLOGIE MAMMOGRAPHIE
1336,ACTE DE RADIOLOGIE MAMMOGRAPHIE DEPISTAGE
1341,ACTES D  ANATOMO-CYTO-PATHOLOGIE/MEDECINS
1342,MAJORATION ANATOMO-CYTO-PATHOLOGIE
1345,MAJORATION TRANSITOIRE
1351,ACTE D'IMAGERIE (hors ECHOGRAPHIE) CCAM
1352,ACTES TECHNIQUES MEDICAUX  (hors IMAGERIE) CCAM
1353,ACTE D'IMAGERIE CD CCAM
1354,ACTE TECHNIQUE MEDICAL CD CCAM
1361,VIDEOCAPSULE
1400,BRIDGE RAC MODERE
1401,PROTHESE FIXE RAC 0
1402,PROTHESE FIXE RAC MODERE
1403,REPARATION FACETTE PROTHESE AMOVIBLE RAC 0
1404,REPARATION ADJONCTION RAC 0
1405,REPARATION PROTHESE ADJOINTE SIMPLE RAC 0
1406,SUPPLEMENT PROTHESE RESINE RAC 0
1407,COURONNE TRANSITOIRE RAC MODERE
1408,COURONNE ZIRCONE RAC MODERE
1409,INLAY CORE RAC MODERE
1410,INLAY ONLAY RAC MOERE
1411,ACTES EN SCM (ET SPA POUR LA CRPCEN)
1412,PROTHESE AMOVIBLE RAC MODERE
1413,REPARATION PROTHESE RAC MODERE
1414,SUPPLEMENT PROTHESE METALLIQUE RAC MODERE
1415,PROTHESE FIXE METALLIQUE RAC 0
1416,COURONNE TRANSITOIRE RAC 0
1417,COURONNE ZIRCONE RAC 0
1418,INLAY CORE RAC 0
1419,PROTHESE AMOVIBLE RAC 0
1420,PROTHESE AMOVIBLE DE TRANSITION RAC 0
1421,ACTES DE PROTHESE DENTAIRE PRATIQUES PAR LE MEDECIN
1422,TRAITEMENTS D  ORTHODONTIE PRATIQUES PAR LE MEDECIN (ET EOS POUR LA CRPCEN)
1423,ACTES DE PROTHESE DENTAIRE PRATIQUES PAR LE CHIRURGIEN-DENTISTE
1424,TRAITEMENTS D  ORTHODONTIE PRATIQUES PAR LE CHIRURGIEN-DENTISTE (ET ETO POUR LA CRPCEN)
1425,COMPLEMENT AT 150% DENTAIRE
1426,PEC EXCEPTIONNELLE DÉPASSEMENT DENTAIRE
1427,PEC EXCEPTIONNELLE DEPASSEMENT DENTAIRE TP
1431,ACTES EN D (ET OCC POUR LA CRPCEN)
1432,ACTES EN DC
1433,ACTES EN SC (ET SCA POUR LA CRPCEN)
1434,PREVENTION BUCCO-DENTAIRE: CONSULTATION - MATER
1435,PREVENTION BUCCO-DENTAIRE: RADIO DEUX CLICHES-MATER
1436,PREVENTION BUCCO-DENTAIRE: RADIO QUATRE CLICHES-MATER
1437,Majoration spécifique PDS Clinique Dentiste
1438,BUCCO DENT. CONSULTATION COMPLEXE MATERNITE
1439,BUCCO DENT. CONSULTATION ET RADIO PANORAMIQUE MATERNITE
1451,SOINS DENTAIRES
1452,"PROTHESE AMOVIBLE DEFINITIVE RESINE, A partir du 01/04/2019 (en date de soins) PROTHESE AMOVIBLE RESINE TARIF LIBRE"
1453,PROPHYLAXIE BUCCO DENTAIRE CCAM
1454,CONSULTATION CD
1455,CONSULTATION SPECIALISTE CD
1456,VISITE CD
1457,VISITE SPECIALISTE CD
1459,INDEMNITE FORFAITAIRE DEPLACEMENT CD
1460,AVIS PONCTUEL DE CONSULTANT CD
1461,ACTES DIVERS PROTHESE DENTAIRE CCAM
1462,"PROTHESE FIXE METALLIQUE, A partir du 01/04/2019 (en date de soins) PROTHESE FIXE METALLIQUE TARIF LIBRE"
1463,PROTHESE DENTAIRE FIXE ESTHETIQUE CCAM
1464,PROTHESE DENTAIRE AMOVIBLE CCAM
1465,IMPLANTOLOGIE - CCAM
1466,TRAITEMENT ORTHOPEDIE DENTO FACIALE CCAM
1467,CONSULTATION COMPLEXE CD
1470,ENDODONTIE
1471,"INLAY-ONLAY, A partir du 01/04/2019 (en date de soins) INLAY-ONLAY TARIF LIBRE"
1472,PARODONTOLOGIE
1473,"INLAY-CORE, A partir du 01/04/2019 (en date de soins) INLAY-CORE TARIF LIBRE"
1474,"PROTHESE AMOVIBLE DEFINITIVE METALLIQUE, A partir du 01/04/2019 (en date de soins) PROTHESE AMOVIBLE METALLIQUE TARIF LIBRE"
1475,"PROTHESE DENTAIRE PROVISOIRE, A partir du 01/04/2019 (en date de soins) COURONNE TRANSITOIRE TARIF LIBRE"
1476,"PROTHESE FIXE CERAMIQUE, A partir du 01/04/2019 (en date de soins) PROTHESE FIXE CERAMIQUE TARIF LIBRE"
1477,"REPARATION SUR PROTHESE, A partir du 01/04/2019 (en date de soins) REPARATION PROTHESE TARIF LIBRE"
1511,FORFAIT D  ACCOUCHEMENT SIMPLE DES SAGES-FEMMES (FORFAIT N91)
1512,FORFAIT D  ACCOUCHEMENT MULTIPLE DES SAGES-FEMMES (FORFAIT N92)
1521,MAJORATION POUR GARDE
1522,MAJORATION ASTREINTE
1523,Permanence Rémunération demi-journée Chirurgien-dentiste
1601,CONTRAT PRATIQUE VERSEMENT UNIQUEMENT
1602,FORFAIT CONTRAT DE BONNES PRATIQUES
1603,FORFAIT CONTRAT DE BONNES PRATIQUES CP1
1604,FORFAIT CONTRAT DE BONNES PRATIQUES CP2
1605,FORFAIT CONTRAT DE BONNES PRATIQUES CP3
1606,FORFAIT CONTRAT DE BONNES PRATIQUES
1607,FORFAIT CONTRAT DE SANTE PUBLIQUE INFIRMIER
1608,FORFAIT CONTRAT DE SANTE PUBLIQUE BIOLOGISTES
1609,CONTRAT DE BONNES PRATIQUES ZONE RURAL
1610,RÉMUNÉRATION CONTRAT D'ACCÈS AUX SOINS DENTAIRES
1611,CONTRAT DE BONNES PRATIQUES ZONE MONTAGNE
1612,CONTRAT DE BONNES PRATIQUES ZONE URBAINE
1613,CONTRAT DE BONNES PRATIQUES ZONE FRANCHE URBAINE
1614,CONTRAT DE BONNES PRATIQUES TRANSPORTEURS 2006
1615,CONTRAT DE BONNES PRATIQUES TRANSPORTEURS 2007
1616,CONTRAT DE BONNES PRATIQUES TRANSPORTEURS 2008
1617,REDEVANCE CHEF DE CLINIQUE
1618,COMPLEMENT DE REMUNERATION CHEF DE CLINIQUE
1619,CONTRAT SANTE SOLIDARITE
1621,CONTRAT D'AMELIORATION DE L'ORGANISATION DES SOINS - TRANSPORTS
1622,CONTRAT D'AMELIORATION DE L'ORGANISATION DES SOINS - PHARMACIE/LPP
1623,REVERSEMENTS CONTRAT D'AMELIORATION DE L'ORGANISATION DES SOINS TRANSPORTS
1624,REVERSEMENTS CONTRAT D'AMELIORATION DE L'ORGANISATION DES SOINS - PHARMACIE / LPP
1625,PENALITES CONTRAT D'AMELIORATION DE L'ORGANISATION DES SOINS - TRANSPORT
1626,PENALITES CONTRAT D'AMELIORATION DE L'ORGANISATION DES SOINS - PHARMACIE / LPP
1627,CONTRAT INCITATIF CHIRURGIEN-DENTISTE
1628,DEMO. AIDE FORFAITAIRE GROUPE
1629,DEMO. AIDE FORFAITAIRE POLE SANTE
1630,DEMO. ACTIVITE GROUPE
1631,DEMO. ACTIVITE POLE SANTE
1632,SST AIDE ACTIVITE
1633,SST FRAIS DEPLACEMENT
1634,CONTESTATION POUR AIDE FORFAITAIRE POUR LES ADHERENTS A L'OPTION DEMOGRAPHIE DANS UN GROUPE
1635,CONTESTATION POUR AIDE FORFAITAIRE POUR LES ADHERENTS A L'OPTION DEMOGRAPHIE DANS UN POLE DE SANTE
1636,CONTESTATION POUR AIDE A L'ACTIVITE POUR LES ADHERENTS A L'OPTION DEMOGRAPHIE DANS UN GROUPE
1637,CONTESTATION POUR AIDE A L'ACTIVITE POUR LES ADHERENTS A L'OPTION DEMOGRAPHIE DANS UN POLE DE SANTE
1638,CONTESTATION POUR AIDE A L'ACTIVITE POUR LES ADHERENTS A L'OPTION SST
1639,CONTESTATION POUR FRAIS DE DEPLACEMENT POUR LES ADHERENTS A L'OPTION SST
1640,FORFAIT AIDE A L'INSTALLATION DU MEDECIN - CAIM
1641,MAJORATION AIDE À L'INSTALLATION DU MEDECIN - CAIM
1642,MAJORATION POUR EXERCICE PARTIEL EN HÔPITAL DE PROXIMITÉ - CAIM
1643,PAIEMENT AIDE ACTIVITE - CSTM
1644,MAJO REMUNERATION ARS - CSTM
1645,PAIEMENT PRISE EN CHARGE FRAIS DEPLACEMENT - CSTM
1646,AIDE FORFAITAIRE - COSCOM
1647,REMUNERATION COMPLEMENTAIRE ACCUEIL DE STAGIAIRE - COSCOM
1648,REMUNERATION COMPLEMENTAIRE EXERCICE EN HOPITAL - COSCOM
1649,PAIEMENT MAJORATION DE LA REMUNERATION ARS - COSCOM
1650,AIDE A L'ACTIVITE   COTRAM
1651,PAIEMENT MAJORATION REMUNERATION ARS   COTRAM
1652,PTMR  -  REMPLACEMENT
1653,"PTMR  - MALADIE, MATERNITE, PATERNITE"
1654,FORFAIT IPA
1701,CDS  MEDICAL OPTANT FORF DEBUT
1702,CDS MEDICAL OPTANT FORF FIN
1703,CDS MEDICAL OPTANT FORFTACITE
1704,CDS DENTAIRE OPTANT FORF INITIAL
1705,CDS DENTAIRE OPTANT FORF SUIVI
1706,CDS DENTAIRE OPTANT FORF FINAL
1707,CDS INFIRMIER OPTANT FORF DEBUT
1708,CDS INFIRMIER OPTANT FORF FIN
1711,FORFAIT MEDECIN REFERENT DEBUT DE CONTRAT
1712,FORFAIT MEDECIN REFERENT FIN DE CONTRAT
1715,FORFAIT MENSUEL COORDONNATEUR
1716,FORFAIT MENSUEL PARTICIPATION
1717,FORFAIT MENSUEL SOINS
1718,FORFAIT D'ADHESION ZONE DEFICITAIRE
1721,FORFAIT PROFESSIONNEL (F01) FILIERES ET RESEAUX
1722,FORFAIT PROFESSIONNEL (F02) FILIERES ET RESEAUX
1723,FORFAIT PROFESSIONNEL (F03) FILIERES ET RESEAUX
1724,FORFAIT PROFESSIONNEL (F04) FILIERES ET RESEAUX
1725,FORFAIT PROFESSIONNEL (F05) FILIERES ET RESEAUX
1726,FORFAIT PROFESSIONNEL (F06) FILIERES ET RESEAUX
1727,FORFAIT PROFESSIONNEL (F07) FILIERES ET RESEAUX
1728,FORFAIT PROFESSIONNEL (F08) FILIERES ET RESEAUX
1729,FORFAIT PROFESSIONNEL (F09) FILIERES ET RESEAUX
1731,FORFAIT PROFESSIONNEL (F10) FILIERES ET RESEAUX
1732,FORFAIT PROFESSIONNEL (F11) FILIERES ET RESEAUX
1733,FORFAIT PROFESSIONNEL (F12) FILIERES ET RESEAUX
1734,FORFAIT PROFESSIONNEL (F13) FILIERES ET RESEAUX
1735,FORFAIT PROFESSIONNEL (F14) FILIERES ET RESEAUX
1736,FORFAIT PROFESSIONNEL (F15) FILIERES ET RESEAUX
1741,FORFAIT CONSULTATION (FC0) FILIERES ET RESEAUX
1742,FORFAIT CONSULTATION (FC1) FILIERES ET RESEAUX
1743,FORFAIT CONSULTATION (FC2) FILIERES ET RESEAUX
1744,FORFAIT CONSULTATION (FC3) FILIERES ET RESEAUX
1745,FORFAIT CONSULTATION (FC4) FILIERES ET RESEAUX
1746,FORFAIT CONSULTATION (FC5) FILIERES ET RESEAUX
1747,FORFAIT CONSULTATION (FC6) FILIERES ET RESEAUX
1748,FORFAIT CONSULTATION (FC7) FILIERES ET RESEAUX
1749,FORFAIT CONSULTATION (FC8) FILIERES ET RESEAUX
1751,FORFAIT CONSULTATION (FC9) FILIERES ET RESEAUX
1761,FORFAIT FORMATION (FF0) FILIERES ET RESEAUX
1762,FORFAIT FORMATION (FF1) FILIERES ET RESEAUX
1763,FORFAIT FORMATION (FF2) FILIERES ET RESEAUX
1764,FORFAIT FORMATION (FF3) FILIERES ET RESEAUX
1765,FORFAIT FORMATION (FF4) FILIERES ET RESEAUX
1766,FORFAIT FORMATION (FF5) FILIERES ET RESEAUX
1767,FORFAIT FORMATION (FF6) FILIERES ET RESEAUX
1768,FORFAIT FORMATION (FF7) FILIERES ET RESEAUX
1769,FORFAIT FORMATION (FF8) FILIERES ET RESEAUX
1771,FORFAIT FORMATION (FF9) FILIERES ET RESEAUX
1781,FORFAIT PREVENTION/DEPISTAGE (FP0) FILIERES ET RESEAUX
1782,FORFAIT PREVENTION/DEPISTAGE (FP1) FILIERES ET RESEAUX
1783,FORFAIT PREVENTION/DEPISTAGE (FP2) FILIERES ET RESEAUX
1784,FORFAIT PREVENTION/DEPISTAGE (FP3) FILIERES ET RESEAUX
1785,FORFAIT PREVENTION/DEPISTAGE (FP4) FILIERES ET RESEAUX
1786,FORFAIT PREVENTION/DEPISTAGE (FP5) FILIERES ET RESEAUX
1787,FORFAIT PREVENTION/DEPISTAGE (FP6) FILIERES ET RESEAUX
1788,FORFAIT PREVENTION/DEPISTAGE (FP7) FILIERES ET RESEAUX
1789,FORFAIT PREVENTION/DEPISTAGE (FP8) FILIERES ET RESEAUX
1791,FORFAIT PREVENTION/DEPISTAGE (FP9) FILIERES ET RESEAUX
1811,IK PLAINE
1812,IK MONTAGNE
1813,IK PIED SKI
1814,FRAIS DE DEPLACEMENT VACATION
1821,"ID PARIS LYON MARSEILLE, +100.000 HA, -100.000 HA"
1841,INDEMNITES FORFAITAIRES DE DEPLACEMENT
1842,INDEMNITES FORFAITAIRES DE DEPLACEMENT DES AUXILIAIRES MEDICAUX ET ASSIMILES
1843,INDEMNITES FORFAITAIRES DE DEPLACEMENT MK ORTHOPEDIQUE ET RHUMATOLOGIQUE
1844,INDEMNITES FORFAITAIRES DE DEPLACEMENT MK RHUMATISMALE
1845,INDEMNITE FORFAITAIRE DEPLACEMENT NEUROLOGIQUE
1846,INDEMNITES FORFAITAIRES DE DEPLACEMENT MK PNEUMOLOGIE
1847,INDEMNITES FORFAITAIRES DE DEPLACEMENT DE SORTIE
1848,INDEMNITES FORFAITAIRES DEPLACEMENT INFIRMIERS
1849,INDEMNITE FORFAITAIRE DEPLACEMENT MK PERS. AGEE
1901,MAJORATION PERSONNES AGEES
1903,MAJORATION ENFANT GENERALISTE
1904,MAJORATION ENFANT PEDIATRE
1905,NOUVEAU FORFAIT ENFANT
1906,NOUVEAU FORFAIT PEDIATRIQUE
1907,REMUNERATION DES SOINS DE PROXIMITE
1908,FORFAIT SORTIE PRECOCE ET TEST GUTHRIE
1909,FORFAIT SORTIE PRECOCE
1910,Plan personnalisé de santé
1911,ACTES DES SAGES-FEMMES
1912,HONORAIRES NON VENTILABLES INDIVIDUALISES
1913,MAJORATION MILIEU DE NUIT
1914,FORFAIT PEDIATRIQUE
1915,FORFAIT ASTREINTE PROF
1916,REMUNERATION POUR GARDE ETS PRIVES
1917,REMUNERATION POUR ASTREINTE ETS PRIVES
1918,MAJORATION D'URGENCE
1919,DEPENSES DE MEDECINE FORFAITAIRE (OMNIPRATICIENS ET AUXILIAIRES MEDICAUX)
1920,CONTRAT DEMOGRAPHIQUE SAGE-FEMME
1921,TEST DE DIAGNOSTIC RAPIDE
1922,CONSULTATION
1923,EXAMEN DE SUIVI POST NATAL
1924,INDEMNISATION VACATION MEDECINS
1925,REMUNERATION VACCINATION GRIPPE A PAR MEDECIN RETRAITE ET SALARIES HORS OBLIGATIONS
1926,ACTE DE VACCINATION GRIPPE A/H1N1
1927,REMUNERATION CPTS
1928,REMUNERATION VACCINATION COVID 19
1929,ACTE DE VACCINATION COVID 19
1930,ACTE D INJECTION DU VACCIN COVID19
1931,MAJORATION NOURRISSON PEDIATRE
1932,MAJORATION NOURRISSON GENERALISTE
1933,MAJORATION CONSULTATION REGULEE  DE NUIT
1934,MAJORATION CONSULTATION REGULEE MILIEU DE NUIT
1935,"MAJORATION CONSULTATION REGULEE DIMANCHE, JOURS FERIES ET ASSIMILES"
1936,MAJORATION VISITE REGULEE  DE NUIT
1937,MAJORATION VISITE REGULEE MILIEU DE NUIT
1938,"MAJORATION VISITE REGULEE DE DIMANCHE, JOURS FERIES ET ASSIMILES"
1939,MAJORATION SAGE-FEMME
1940,FORFAIT SORTIE PRECOCE
1941,MAJORATION CONSULTATION REGULEE SAMEDI APRES MIDI
1942,MAJORATION VISITE REGULEE SAMEDI APRES MIDI
1943,MAJORATION URGENCE MT
1944,MAJORATION CORRESPONDANT URGENCE
1945,MAJORATION MEDECIN TRAITANT REGULATION
1946,FORFAIT SAGE-FEMME REFERENTE
1947,FORFAIT ASTREINTE SAGE-FEMME
1948,FORFAIT DE SURVEILLANCE SF
1949,MAJORATION DE SURVEILLANCE SF
1951,PARTICIPATION FORFAITAIRE HORS TIERS PAYANT
1952,PARTICIPATION FORFAITAIRE TIERS PAYANT
1954,PARTICIPATION ASSURE CONSULTATIONS ET SOINS EXTERNES (C2S + AME)
1955,PARTICIPATION ASSURE CONSULTATIONS ET SOINS EXTERNES (REGIME LOCAL)
1956,PARTICIPATION ASSURE EN AMBULATOIRE
1957,MAJORATION HORS PARCOURS DE SOINS
1959,ADMINISTRATION  VACCIN
1960,SUPPLEMENT DEROGATOIRE SG SUR ACTE PROFESSIONNEL NON REMBOURSABLE (CNMSS)
1961,SUPPLEMENT DEROGATOIRE SG SUR ACTE PROFESSIONNEL REMBOURSABLE (CNMSS)
1962,VACATION MEDECIN VACCINATION COVID 19
1963,MAJO URGENCE + DE 75 ANS SAMU/AMB
1964,MAJORATION 19H-21H
1965,MAJO DIMANCHE / NUIT HORS URGENCE
1971,FRANCHISE HORS TIERS PAYANT SUR MEDICAMENT
1972,FRANCHISE TIERS PAYANT SUR MEDICAMENT
1973,FRANCHISE HORS TIERS PAYANT SUR TRANSPORT
1974,FRANCHISE TIERS PAYANT SUR TRANSPORT
1975,FRANCHISE HORS TIERS PAYANT ACTE D'AUXILIAIRE MEDICAUX
1976,FRANCHISE TIERS PAYANT ACTE D'AUXILIAIRE MEDICAUX
1977,PARTICIPATION ASSURE HORS TIERS PAYANT TRANSMISE SANS ACTE DE REFERENCE OU TYPE DE FRANCHISES
1978,PARTICIPATION ASSURE EN TIERS PAYANT TRANSMISE SANS ACTE DE REFERENCE OU TYPE DE FRANCHISES
1981,FORFAIT IVG HONORAIRES DE VILLE
1982,VACCINATION HPV 1ERE DOSE
1983,VACCINATION HPV 2EME DOSE
1990,FORFAIT D'INTERVENTION PAR SORTIE SUR DEMANDE DE LA REGULATION
1991,REMUNERATION REGULATION
1992,PERMANENCE REMUNERATION DE NUIT
1993,PERMANENCE REMUNERATION MILIEU DE NUIT
1994,PERMANENCE REMUNERATION DIMANCHE ET FERIE
1995,PERMANENCE REMUNERATION TOTAL
1996,PERMANENCE REMUNERATION SAMEDI MATIN
1997,PERMANENCE REMUNERATION SAMEDI APRES MIDI
1998,ASTREINTE DE JOUR CORRESPONDANT SAMU
1999,ASTREINTE DE NUIT CORRESPONDANT SAMU
2100,FORFAIT ENVIRONNEMENT HOSPITALIER 7
2101,HBGT TEMP NON MEDICALISE
2102,PROTOCOLE FRANCO ALGERIEN
2103,SUPPLEMENT TRANSPORT PERMISSION THERAPEUTIQUE (PSY/SSR)
2104,SUPPLEMENT TRANSPORT PROVISOIRE (PSY/SSR)
2105,SUPPLEMENT TRANSPORT DEFINITIF (PSY/SSR)
2106,TRANSPORT DEFINITIF DIALYSE
2107,TRANSPORT SEANCE DIALYSE
2108,SUPPLEMENT TRANSPORT 2
2109,SUPPLEMENT TRANSPORT SEANCES
2110,FRAIS SEJOUR SSR
2111,FRAIS D HEBERGEMENT ET ENVIRONNEMENT EN GHS
2112,FRAIS DE SEJOUR SUPPLEMENTAIRE AU GHS
2113,GROUPE HOMOGENE DE TARIFS
2114,SUPPLEMENT SOINS PARTICULIEREMENT COUTEUX (ARRETE DU 29/06/1978)
2115,SUPPLEMENT SOINS CONTINUS
2116,SUPPLEMENT NEONATOLOGIE 1
2117,SUPPLEMENT NEONATOLOGIE 2
2118,SUPPLEMENT NEONATOLOGIE 3
2119,SUPPLEMENT DEFIBRILLATEUR
2120,DIFFERENTIEL TARIFAIRE CLINIQUE
2121,HEMODIALYSE EN CENTRE OU EN UNITE DE DIALYSE MEDICALISEE
2122,AUTODIALYSE SIMPLE OU ASSISTEE
2123,ENTRAINEMENT A L HEMODIALYSE A DOMICILE ET A L AUTODIALYSE
2124,ENTRAINEMENT A LA DPA
2125,ENTRAINEMENT A LA DPCA
2126,HEMODIALYSE A DOMICILE
2127,DIALYSE PERITONEALE AUTOMATISEE (DPA)
2128,DIALYSE PERITONEALE CONTINUE AMBULATOIRE (DPCA)
2129,FORFAIT D'HEMODIALYSE EN CENTRE
2130,DOTATION MIXTE MEDECINE
2131,FORFAIT D HEMODIALYSE EN CENTRE POUR ENFANT
2132,FORFAIT D HEMODIALYSE EN UNITE DE DIALYSE MEDICALISEE
2133,DIALYSE TIERCE PERSONNE
2134,FORFAIT D AUTODIALYSE SIMPLE
2135,FORFAIT D AUTODIALYSE ASSISTEE
2136,FORFAIT D HEMODIALYSE A DOMICILE
2137,FORFAIT DE DIALYSE PERITONEALE AUTOMATISEE (DPA)
2138,FORFAIT DE DIALYSE PERITONEALE CONTINUE AMBULATOIRE (DPCA)
2139,FORFAIT D ENTRAINEMENT A L HEMODIALYSE A  DOMICILE ET AUTODIALYSE
2140,FORFAIT D ENTRAINEMENT A LA DIALYSE PERITONEALE AUTOMATISEE
2141,FRAIS DE CHAMBRE PARTICULIERE POUR CONVENANCE PERSONNELLE
2142,FORFAIT D ENTRAINEMENT A DIALYSE PERITONEALE CONTINUE AMBULATOIRE
2143,FF D ENTRAINEMENT A LA DIALYSE PERITONEALE AUTOMATISEE A DOMICILE
2144,FF D ENTRAINEMENT A LA DIALYSE PERITONEALE CONTINUE AMBULATOIRE A DOMICILE
2145,FORFAIT DE DIALYSE PERITONEALE AUTOMATISE POUR HOSPITALISATION DE 3 A 6 JOURS
2146,FORFAIT DE DIALYSE PERITONEALE CONTINUE AMBULATOIRE POUR HOSPITALISATION DE 3 A 6 JOURS
2147,FORFAIT D'ENTRAINEMENT A L'HEMODIALYSE EN UNITE DE DIALYSE MEDICALISEE
2148,SUPPLEMENT  JOURNALIER ZONE HAUTE
2149,SUPPLEMENT  JOURNALIER ZONE EXTREME HAUTE
2150,VIDEOCAPSULE
2151,SUPPLEMENT REANIMATION
2152,SUPPLEMENT SURVEILLANCE CONTINUE
2153,FORFAIT SOINS INTENSIFS
2154,REANIMATION PEDIATRIQUE
2155,FORFAIT ENVIRONNEMENT HOSPITALIER 1
2156,FORFAIT ENVIRONNEMENT HOSPITALIER 2
2157,FORFAIT ENVIRONNEMENT HOSPITALIER 3
2158,FORFAIT ENVIRONNEMENT HOSPITALIER 4
2159,FORFAIT DE SECURITE DERMATOLOGIQUE
2160,MISSION D'INTERET GENERAL SSR
2161,FORFAIT MISSION D INTERET GENERAL D AIDE A LA CONTRACTUALISATION
2162,FORFAIT HAUTE TECHNICITE
2163,SUPPLEMENT JOURNALIER DIALYSE PERITONEALE
2164,ADMINISTRATION DE PRODUITS ET PRESTATIONS EN ENVIRONNEMENT HOSPITALIER
2165,FORFAIT PRESTATION INTERMEDIAIRE
2166,ADMINISTRATION DE MEDICAMENTS EN ENVIRONNEMENT HOSPITALIER
2167,FORFAIT ENVIRONNEMENT HOSPITALIER 5
2168,FORFAIT ENVIRONNEMENT HOSPITALIER 6
2169,DOTATION POPULATIONNELLE PSY
2170,FIR ETS PRIVES
2171,DIFFERENTIEL TARIFAIRE AME
2172,DIFFERENTIEL TARIFAIRE MIGRANTS
2173,DIFFERENTIEL PSY REGLEMENTAIRE
2174,DIFFERENTIEL PSY AME
2175,DIFFERENTIEL PSY MIGRANTS
2176,DIFFERENTIEL SSR REGLEMENTAIRE
2177,DIFFERENTIEL SSR AME
2178,DIFFERENTIEL SSR MIGRANTS
2179,DOTATION DE TRANSFORMATION PSY
2180,DIFFERENTIEL TARIFAIRE FIDES
2181,PRELEVEMENT D ORGANE 1
2182,PRELEVEMENT D ORGANE 2
2183,PRELEVEMENT D ORGANE 3
2184,COORDINATION PRELEVEMENT D ORGANES
2185,PRELEVEMENT D ORGANE 4
2186,PRELEVEMENT D'ORGANE 5
2187,PRELEVEMENT D'ORGANE 6
2188,PRELEVEMENT D'ORGANE 7
2189,PRELEVEMENT D'ORGANE 8
2190,PRELEVEMENT D'ORGANE 9
2191,PRELEVEMENT D'ORGANE
2192,DOTATION POPULATIONNELLE SSR
2193,DOTATION PEDIATRIE
2194,PLATEAU TECHNIQUE SPECIALISE
2195,SUPPLEMENT ANTEPARTUM
2196,SUPPLEMENT RADIOTHERAPIE PEDIATRIQUE
2197,DOTATION ACTIVITES SPECIFIQUES
2198,DOTATION QUALITE CODAGE
2199,SUPPLEMENT  JOURNALIER ZONE BASSE
2200,DOTATION FILE ACTIVE PSY
2201,BUDGET GLOBAL
2202,MEDICALISATION DES PERSONNES AGEES
2203,SSAD : SERVICE DE SOINS A DOMICILE
2204,CAMSP: CENTRE ACTION MEDICO-SOCIALE PRECOCE
2205,CCAA : CENTRE DE CURE AMBULATOIRE EN ALCOOLOGIE
2206,VIH
2207,REORIENTATION URGENCE 2 MILIEU NUIT
2208,REORIENTATION URGENCE 1 MILIEU NUIT
2209,FORFAIT CONSULTATION URGENCE HOPITAL MILIEU NUIT
2210,FORFAIT CONSULTATION URGENCE HOPITAL NUIT
2211,FRAIS DE SEJOUR
2212,MAJORATION PMSI
2213,FRAIS DE SEJOUR IME
2214,SUPPLEMENT DEROGATOIRE SG SUR PRESTATION SEJOUR NON REMBOURSABLE (CNMSS)
2215,SUPPLEMENT DEROGATOIRE SG SUR PRESTATION SEJOUR REMBOURSABLE (CNMSS)
2216,FORFAIT CONSULTATION URGENCE PRIVE
2217,FORFAIT CONSULTATION URGENCE HOPITAL
2218,REORIENTATION URGENCE 1
2219,REORIENTATION URGENCE 2
2220,FORFAIT CONSULTATION URGENCE HOPITAL FERIE
2221,SUPPLEMENT CHAMBRE PARTICULIERE
2222,SUPPLEMENT POUR SURVEILLANCE DU MALADE
2228,REORIENTATION URGENCE 1 NUIT
2229,FORFAIT PRISE EN CHARGE DU NOUVEAU NE
2230,PRIX DE JOURNEE REGIME LOCAL
2231,FORFAIT PHARMACEUTIQUE
2232,FORFAIT TRANSPLANTATION D  ORGANE
2233,REORIENTATION URGENCE 2 NUIT
2234,FORFAIT D  ENTREE
2235,FORFAIT D  ACTIVITE NON PROGRAMMEE
2236,FORFAIT CONSOMMABLE CARDIOLOGIE
2237,TM PJ - PART OC
2238,FORFAIT D ACCUEIL ET DE TRAITEMENT DES URGENCES
2239,FORFAIT ANNUEL D URGENCE
2240,TARIF JOURNALIER COMPLEMENTAIRE
2241,FRAIS DE SALLE D  OPERATION
2242,FRAIS D  ANESTHESIE ET REANIMATION
2243,FRAIS D  ENVIRONNEMENT
2244,Forfait Innovation ARGUS II
2245,FRAIS DE SALLE D  ACCOUCHEMENT
2246,FRAIS DE SALLE D  ACCOUCHEMENT MULTIPLE
2247,FORFAIT PSYCHIATRIE  DE SECURITE - HOSPITALISATION AVEC HEBERGEMENT
2248,Forfait Innovation HIFU
2249,FORFAIT ACTIVITE ISOLE
2250,FORFAIT JOURNALIER - PART OC
2251,FORFAIT JOURNALIER
2252,FORFAIT JOURNALIER DE SORTIE
2253,TARIF JOURNALIER PRESTATIONS
2254,VERSEMENT ACTIVITE SSR AME
2255,VERSEMENT SOINS URGENTS SSR
2256,FORFAIT INNOVATION ECLIPS
2257,FJ TRANSPLANTATION ORGANES
2258,FORFAIT DE SOINS JOURNALIER
2259,SAISIE MANUELLE DES SEJOURS POUR LEQUELS LE FJ EST SUPERIEUR AU TM
2260,FORFAIT HOPITAL PROXIMITE COMPLEMENTAIRE
2261,FORFAIT ACCUEIL DU PATIENT N 1
2262,FORFAIT ACCUEIL DU PATIENT N 2
2263,FORFAIT IFAQ
2264,FORFAIT IFAQ SSR
2265,DOTATION MODULEE A L'ACTIVITE
2266,FORFAIT INNOVATION ECHOPULSE
2267,FORFAIT INNOVATION METAGLUT1
2268,FORFAIT INNOVATION RETINA
2269,FORFAIT PATHOLOGIE CHRONIQUE 1
2270,FORFAIT PATHOLOGIE CHRONIQUE 2
2271,FORFAIT HPT GROUPE 1
2272,FORFAIT HPT GROUPE 1.2
2273,FORFAIT HPT 15 %
2274,FORFAIT HPT GROUPE 2 + FAS1
2275,FORFAIT HPT GROUPE 2 + FAS2
2276,FORFAIT INNOVATION WISE CRT
2277,REORIENTATION URGENCE 1 FERIE
2278,REORIENTATION URGENCE 2 FERIE
2279,FORFAIT INNOVATION DNERVA
2280,FORFAIT IFAQ PSY
2281,FORFAIT PATIENT URGENCE
2282,PARTICIPATION ASSURE TRANSITOIRE
2283,PARTICIPATION ASSURE HOSPITALISATION PUBLIQUE (C2S + AME)
2284,PARTICIPATION ASSURE HOSPITALISATION PUBLIQUE (REGIME LOCAL)
2285,PARTICIPATION ASSURE SUR SEJOUR
2286,FORFAIT PATIENT URGENCE RO
2287,FORFAIT PATIENT URGENCE RL
2288,FORFAIT INNOVATION ONCOGRAMME
2289,FORFAIT INNOVATION SUNRISE
2290,FORFAIT JOURNALIER RL PRIVE
2291,PRIX DE JOURNEE FIDES ALM
2292,DOTATION STRUCTURATION RECHERCHE
2293,DOTATION NOUVELLES ACTIVITES
2294,DOTATION QUALITE URGENCE
2295,DOTATION DE RESPONSABILITE ERRITORIALE
2297,FORFAIT PATIENT URGENCE MINORE
2298,FORFAIT URGENCE MINORE ALM
2299,TARIF JOURNALIER LOCAL
2300,TARIF JOURNALIER MIGRANTS
2301,SUPPLEMENT CAR T CELL
2302,SUPPLEMENT TRANSPORT DEFINITIF SSR
2303,SUPPLEMENT TRANSPORT PROVISOIRE SSR
2304,SUPPLEMENT TRANSPORT PERMISSION THERAPEUTIQUE SSR
2309,COMPLEMENT FORFAIT URGENCE
2321,FORFAIT - LONG SEJOUR PERSONNES AGEES
2331,RADIUMTHERAPIE ET CHIMIOTHERAPIE
2332,READAPTATION FONCTIONNELLE
2333,REEDUCATION PROFESSIONNELLE
2334,SEANCE D  HEMODIALYSE
2335,FORFAIT DE PANSEMENT
2336,FORFAIT POUR CONSULTATION EN CENTRE MEDICO-PSYCHO PEDAGOGIQUE
2337,SEANCE DE DIAGNOSTIC
2338,FORFAIT PETIT MATERIEL
2339,AUTRES FORFAITS DIVERS (Y COMPRIS NUTRITION ENTERALE A DOMICILE)
2341,SUPPLEMENT AU FORFAIT CHIMIOTHERAPIE
2342,FORFAIT POUR GARDE DE DEBUT DE NUIT EN ETABLIS. PRIVE
2343,FORFAIT POUR GARDE DE NUIT OU SAMEDI APRES MIDI EN ETABLIS. PRIVE
2344,FORFAIT DE GARDE NUIT ET FERIE EN ETABLIS. PRIVE
2345,FORFAIT POUR ASTREINTE DE DEBUT DE NUIT EN ETABLIS. PRIVE
2346,FORFAIT POUR ASTREINTE DE NUIT OU SAMEDI APRES MIDI EN ETABLIS. PRIVE
2347,FORFAIT D'ASTREINTE NUIT ET FERIE EN ETABLIS. PRIVE
2351,FORFAIT TECHNIQUE NORMAL IRMN -SCANNERS
2352,FORFAIT TECHNIQUE REDUIT IRMN -SCANNERS
2353,FORFAIT TECHNIQUE SCANNER (SPP expo amiante)
2354,FORFAIT TECHNIQUE TOMOGRAPHIE
2355,FORFAIT CONCOMMABLE MEDECINE NUCLEAIRE 01
2356,FORFAIT CONSOMMABLE MEDECINE NUCLEAIRE 02
2357,FORFAIT CONSOMMABLE MEDECINE NUCLEAIRE 03
2358,FORFAIT CONSOMMABLE MEDECINE NUCLEAIRE 04
2359,FORFAIT CONSOMMABLE MEDECINE NUCLEAIRE 05
2360,FORFAIT CONSOMMABLE MEDECINE NUCLEAIRE 06
2361,FORFAIT CONSOMMABLE MEDECINE NUCLEAIRE 07
2362,FORFAIT CONSOMMABLE MEDECINE NUCLEAIRE 08
2363,FORFAIT CONSOMMABLE MEDECINE NUCLEAIRE 09
2364,FORFAIT CONSOMMABLE MEDECINE NUCLEAIRE 10
2365,FORFAIT CONSOMMABLE MEDECINE NUCLEAIRE 11
2366,FORFAIT CONSOMMABLE MEDECINE NUCLEAIRE 12
2367,FORFAIT CONSOMMABLE MEDECINE NUCLEAIRE 13
2368,FORFAIT CONSOMMABLE MEDECINE NUCLEAIRE 14
2369,FORFAIT CONSOMMABLE MEDECINE NUCLEAIRE 15
2371,TARIF SOINS GIR 1 ET 2
2372,TARIF SOINS GIR 3 ET 4
2373,TARIF SOINS GIR 5 ET 6
2380,"FORFAIT PSYCHIATRIE SEANCE COLL, 1 INTERVENANT 3 à 4H"
2381,"FORFAIT PSYCHIATRIE SEANCE IND, 1 INTERVENANT 3 à 4H"
2382,"FORFAIT PSYCHIATRIE SEANCE COLL, 2 INTERVENANTS 3 à 4H"
2383,FORFAIT PSYCHIATRIE SEANCE IND. 2 INTERVENANTS 3 à 4H
2384,"FORFAIT PSYCHIATRIE SEANCE COLL, 1 INTERVENANT 6 à 8H"
2385,FORFAIT PSYCHIATRIE SEANCE IND. 1 INTERVENANT 6 à 8H
2386,"FORFAIT PSYCHIATRIE SEANCE COLL, 2 INTERVENANT 6 à 8H"
2387,FORFAIT PSYCHIATRIE SEANCE IND. 2 INTERVENANTS 6 à 8H
2388,FORFAIT PSYCHIATRIE DE SECURITE HOSPITALISATION SANS HEBERGEMENT
2389,PRISE EN CHARGE DE NUIT POUR UNE DUREE ENTRE 8 ET 12H
2391,FORFAIT TECHNIQUE TARIF REDUIT N°2
2392,FORFAIT TECHNIQUE TARIF REDUIT N°3
2411,INTERVENTION IVG
2412,ANESTHESIE GENERALE
2413,INVESTIGATIONS BIOLOGIQUES
2414,CONSULTATION IVG
2415,MEDICAMENTS: MIFEYGINE
2416,MEDICAMENTS: PROSTAGLANDINES
2417,VERIFICATION BIOLOGIQUE
2418,VERIFICATION ECHOGRAPHIQUE
2419,FORFAIT INTERVENTION AMBULATOIRE
2420,FORFAIT INTERVENTION DUREE < OU = 12 H PRIVE MEDIC
2421,INTERVENTION + ANESTHESIE AMBULATOIRE
2422,FORFAIT POUR IVG MEDICAMENTEUSE
2423,FORFAIT INTERVENTION AVEC NUITEE
2424,INTERVENTION + ANESTHESIE AVEC NUITEE
2425,FORFAIT IVG POUR 24H SUPPLEMENTAIRES - SECTEUR PRIVE/SECTEUR PUBLIC
2426,CONSULTATION IVG SPECIALISTE
2428,ECHO PRE IVG
2501,FORFAIT FIR PDSES PUBLIQUE
2502,FORFAIT FIR CENTRE DEPISTAGE ANONYME ET GRATUIT
2503,FORFAIT FIR CENTRE PERINATAUX DE PROXIMITE
2504,FORFAIT FIR EDUCATION THERAPEUTIQUE
3101,FORFAIT STRUCTURE PS AUXILIAIRES
3102,CONTESTATION FORFAIT STRUCTURE PS AUXILIAIRES
3103,TELECONSULTATION LORS D'UN SOIN
3104,TELECONSULTATION LIEU DEDIE
3105,TELECONSULTATION DOMICILE
3106,SOINS INFIRMIERS EXTERNALISES (PEC LOURDE)
3107,SOINS INFIRMIERS EXTERNALISES (PEC INTERMEDIAIRE)
3108,SOINS INFIRMIERS EXTERNALISES (PEC LEGERE)
3109,Majoration Infirmier Enfant
3110,CONTRAT INCITATIF INFIRMIER
3111,ACTES EN AMI
3112,ACTES INFIRMIERS DE SOINS
3113,ACTES INFIRMIERS DES SAGES-FEMMES (SFI)
3115,BILAN DE SOINS INFIRMIERS
3116,MAJORATION POUR ACTE UNIQUE
3117,MAJORATION DE COORDINATION ET D'ENVIRONNEMENT DE SOIN INFIRMIER
3118,INDEMNISATION VACATION INFIRMIERS
3119,REMUNERATION VACCINATION GRIPPE A PAR INFIRMIER RETRAITE OU SALARIE HORS OBLIGATIONS
3120,SOINS INFIRMIERS EXTERNALISES
3121,ACTES AMC
3122,ACTES EN AMK
3123,TELESOINS MK
3124,FORFAIT TROUBLES NEURO-DEVELOPPEMENT
3125,ACTES DE KINESITHERAPIE OSTEO-ARTICULAIRE
3126,CONTRAT DEMOGRAPHIQUE KINE
3127,FORFAIT PRISE EN CHARGE AVC
3128,RETOUR A DOMICILE POST CHIRURGIE ORTHOPEDIQUE
3129,PRATIQUE AVANCEE INFIRMIER MIP
3130,PRATIQUE AVANCEE INFIRMIER PAI
3131,ACTES DES PEDICURES
3132,ACTES DES ORTHOPHONISTES
3133,ACTES DES ORTHOPTISTES
3134,ACTE DE PEDICURE-PODOLOGUE (DIABETIQUE)
3135,FORFAIT EVALUATION DOMICILE HANDICAP
3136,MAJORATION ENFANT - ORTHOPHONIE
3137,FORFAIT POST HOSPITALISATION - ORTHOPHONIE
3138,FORFAIT EVALUATION DOMICILE HANDICAP - ORTHOPHONIE
3139,CONTRAT INCITATIF ORTHOPHONISTE
3140,TELESOINS INFIRMIERS
3141,TELESOINS PODOLOGUES
3142,TELESOINS ORTHOPHONISTES
3143,TELESOINS ORTHOPTISTES
3144,VACATION HORS MEDECINS VACCI COVID19
3145,MK-REEDUC AMPUTATIONS
3146,MK-REEDUC AFF RESPIRATOIRES MAX FACIAL ET ORL
3147,MK-REEDUC DEVIATION RACHIS
3148,MK-REEDUC AFF NEURO MUSC OU RHUM INFLAM
3149,MK-REEDUC SOINS PALLIATIFS
3150,INDEMNITE INFLATION
3151,MK-REEDUC ABDO ET PERINEOSPHINCTERIENNE
3152,MK-REEDUC RACHIS NON OPERE
3153,MK-REEDUC RACHIS OPERE
3154,MK-REEDUC AFFECTIONS VASCULAIRES
3155,MK-REEDUC MBRE INF OPERE SOUS REF
3156,MK-REEDUC MBRE INF NON OPERE SOUS REF
3157,MK-REEDUC DEAMBULATION SUJET AGEE
3158,MK-REEDUC BRULURES
3159,MK-REEDUC MBRE SUP OPERE SOUS REF
3160,MK-REEDUC MBRE SUP NON OPERE SOUS REF
3161,MK-REEDUC AFFECTIONS SUR 2 TERRITOIRES
3162,MK-REEDUC MBRE INF OPERE SANS REF
3163,MK-REEDUC MBRE INF NON OPERE SANS REF
3164,MK-REEDUC MBRE SUP OPERE SANS REF
3165,MK-REEDUC MBRE SUP NON OPERE SANS REF
3166,RDV PREVENTION INFIRMIER
3167,BILAN PSYCHOLOGUE
3168,SEANCE PSYCHOLOGUE
3169,BILAN ERGOTHERAPEUTE
3170,SEANCE ERGOTHERAPEUTE
3171,BILAN PSYCHOMOTRICIEN
3172,SEANCE PSYCHOMOTRICIEN
3173,TELESOINS PREVENTION PODOLOGUE
3210,AIDE FINANCIERE A L'INTEROPERABILITE DMP
3211,ACTES DE BIOLOGIE
3213,FORFAIT PREALABLE BIOLOGIE IVG VILLE
3216,FORFAIT ULTERIEUR BIOLOGIE IVG VILLE
3217,ACTE DE DEPISTAGE DU CANCER COLORECTAL
3221,PRELEVEMENT
3222,PRELEVEMENT SANGUIN PAR UN DIRECTEUR DE LABORATOIRE
3223,PRELEVEMENT
3225,PRELEVEMENT PAR PONCTION VEINEUSE DIRECTE POUR UN MEDECIN BIOLOGISTE
3300,REMUNERATION ROSP AOD
3301,CONTESTATION ROSP AOD
3302,PAIEMENT GARANTIE CONVENTIONNELLE PHARMACIE
3303,CONTESTATION GARANTIE CONVENTIONNELLE PHAMACIE
3304,PAIEMENT QUALITE DE SERVICE PHARMACIE
3305,CONTESTATION QUALITE DE SERVICE PHARMACIE
3306,BILAN MEDICATION REMUNERATION PHARMACIE
3307,BILAN MEDICATION CONTESTATION PHARMACIE
3308,CODE TRACEUR TELECONSULTATION
3309,CODE TRACEUR ACCOMPAGNEMENT
3310,BILAN MEDICATION PARTAGE
3311,PHARMACIE 100%
3312,PHARMACIE PH4
3313,PHARMACIE 65%
3314,HORMONE DE CROISSANCE
3315,MEDICAMENTS ANTIRETROVIRAUX
3316,MEDICAMENTS D  EXCEPTION
3317,PHARMACIE HOSPITALIERE A 100%
3318,PHARMACIE HOSPITALIERE A 65%
3319,PHARMACIE HOSPITALIERE
3320,PHARMACIE HOSPITALIERE EN SUS DU GHS
3321,FORFAIT PHARMACEUTIQUE EN MATERNITE
3322,MAJORATION POUR ACHAT HORS HEURES OUVRABLES
3323,COPIE D  ORDONNANCE
3324,ECART MEDICAMENT INDEMNISABLE
3325,MAJORATION PHARMACIE DES ILES
3326,PREPARATION MAGISTRALE REMBOURSABLE
3327,PREPARATION MAGISTRALE HOMEOPATHIQUE
3328,MEDICAMENTS  HOMEOPATHIQUES UNITAIRES
3329,FORFAIT MEDICAMENT IVG VILLE
3330,ECART INDEMNISABLE RETROCESSION
3331,VACCIN ANTI-GRIPPE
3332,VACCIN ROR
3333,ANTI PALUDEEN
3334,Vaccin anti grippe Hémisphère Sud VAXIGRIP HS
3335,Vaccin anti grippe Hémisphère Sud FLUARIX HS
3336,PHARMACIE SOUS ATU SEJOUR
3337,FORFAIT FAUSSE COUCHE VILLE
3338,FORFAIT FAUSSE COUCHE VILLE SANS ÉCHOGRAPHIE
3339,FORFAIT FAUSSE COUCHE ETABLISSEMENT AVEC ECHOGRAPHIE
3340,FORFAIT FAUSSE COUCHE ETABLISSEMENT SANS ECHOGRAPHIE
3341,PHARMACIE 15%
3342,PREPARATION MAGISTRALE ALLOPATHIQUE 15 %
3343,PREPARATION MAGISTRALE ALLOPATHIQUE
3344,ACCOMPAGNEMENT ANTIVITAMINE K INITIAL
3345,ACCOMPAGNEMENT ANTIVITAMINE SUIVANT
3346,ACCOMPAGNEMENT ANTICOAGULANTS ORAUX INITIAL
3347,ACCOMPAGNEMENT ANTICOAGULANTS ORAUX DIRECTS SUIVANT
3348,ACCOMP. SUIVI INITIAL
3349,ACCOMP. SUIVI SUPPL.
3350,BILAN MEDICATION AVEC CHANGEMENT DE TRAITEMENT
3351,MEDICAMENT AVEC UNE AUTORISATION TEMPORAIRE D'UTILISATION
3352,PREPARATION MAGISTRALE HOSPITALIRE
3353,PREPARATION HOSPITALIERE
3354,MEDICAMENT AVEC AUTORISATION D'IMPORTATION
3355,MARGE FORFAITAIRE (MEDICAMENTS HOSPITALIERS)
3356,PHARMACIE HOSPITALIERE DEROGATOIRE
3357,PHARMACIE HOSPITALIERE MMH
3358,ACCOMPAGNEMENT CHIMIOTHERAPIE PATIENTS SOUS TRAITEMENTS ANTICANCEREUX AU LONG COURS POUR L'ANNEE INITIALE
3359,TROD ANGINE PHARMACIEN
3360,VACCINATION GRIPPE PHARMACIEN
3361,GARDE PHARMACIE NUIT
3362,GARDE PHARMACIE FERIE
3363,GARDE PHARMACIE DIMANCHE
3364,HONORAIRE MEDICAMENT REMBOURSABLE
3365,HONORAIRE DISPENSATION EN LIEN AVEC AGE
3366,HONORAIRE DE DISPENSATION MEDICAMENTS SPECIFIQUES
3367,BILAN MEDICATION SANS CHANGEMENT DE TRAITEMENT
3368,ACCOMPAGNEMENT CHIMIOTHERAPIE AUTRES TRAITEMENTS ANTICANCEREUX (PREMIERE ANNEE)
3369,CODE TRACEUR DISPENSATION ADAPTEE
3370,ACCOMPAGNEMENT CHIMIOTHERAPIE SOUS TRAITEMENTS ANTICANCEREUX AU LONG COURS
3371,PAIEMENT PONCTUEL PHARMACIE COVID
3372,PAIEMENT PONCTUEL PHARMACIE
3373,PHARMACIE EN SUS DU GMT
3374,KIT ANTI-GRIPPE
3375,REMUNERATION PHARMACIENS POUR VACCINS H1N1
3376,ACCOMPAGNEMENT CHIMIOTHERAPIE AUTRES TRAITEMENTS ANTICANCEREUX
3377,SPECIALITE PHARMACEUTIQUE ONEREUSE SSR
3378,CONTESTATION ROSP TRANSMISSION RPPS
3379,Honoraire de dispensation spécifique vaccins anti grippaux Hémisphère Sud
3380,HONO DISP COMP
3381,PREPARATION PHARMACEUTIQUE INDIVIDUALISEE (ALLERGENES)
3382,PRISE EN CHARGE DEROGATOIRE PHARMACIE
3383,HONO DISP 1
3384,HONO DISP 2
3385,HONO DISP 4
3386,HONO DISP 7
3387,HONO DISP GC 1
3388,HONO DISP GC 2
3389,HONO DISP GC 4
3390,HONO DISP GC 7
3391,REMU  OBJECTIF - PHARMACIEN
3392,REMU OBJECTIF - PHARMACIEN COMPLEMENT
3393,ROSP AVK
3394,ROSP AVK COMPLEMENT
3395,Plan personnalisé de santé pharmacie
3396,ROSP ASTHME
3397,ROSP ASTHME COMPLEMENT
3398,ROSP TRANSMISSION RPPS
3399,REMUNERATION PHARMACIENS POUR VACCINS H1N1 - REGULARISATION COMPTABLE ET SAISIE MANUELLE
3400,REMUNERATION DISPENSATION ADAPTEE
3401,CONTESTATION DISPENSATION ADAPTEE
3402,TELESOINS PHARMACIE
3403,REMUNERATION PHARMACIEN COVID 19
3404,ENTRETIEN FEMME ENCEINTE
3405,REMUNERATION LABO TESTS PCR COVID 19
3406,REMU PHARMACIEN CANCER COLOREC.
3407,CONTESTATION PHARM CANCER COLO.
3408,REMISE KIT DCC
3410,DISPENSATION PHARMACIE A DOMICILE
3411,"SANG,PLASMA ET LEURS DERIVES"
3412,TRANSPORT DU PRODUIT
3413,LAIT HUMAIN
3414,AUTRES PRODUITS D  ORIGINE HUMAINE
3415,RAPPEL VACCIN ADULTE PHARMACIEN
3416,PHIE DEPISTAGE INFECTION URINAIRE
3417,ROSP PHIE BON USAGE PDT SANTE
3418,REMU PHIE DEP INFEC URINAIRE
3419,REMU PHIE DISPENSATION DOM
3420,REMU PHIE DISPENSATION UNITE
3421,PHIE EN AAC ET AAP - SEJOUR SSR
3423,RDV PREVENTION PHARMACIE
3424,PRESCRIPTION RENFORCEE REMBOURSABLE
3425,PRESCRIPTION RENFORCEE INVALIDE
3500,"VERRE DE CLASSE B, UNIFOCAL SPHERO-CYLINDRIQUE A SPHERE POSITIVE COMPLEXE"
3501,"VERRE DE CLASSE B, UNIFOCAL SPHERO-CYLINDRIQUE A SPHERE NEGATIVE TRES COMPLEXE"
3502,"VERRE DE CLASSE B, UNIFOCAL SPHERO-CYLINDRIQUE A SPHERE POSITIVE SIMPLE"
3503,"VERRE DE CLASSE B, UNIFOCAL SPHERO-CYLINDRIQUE A SPHERE NEGATIVE SIMPLE"
3504,"VERRE DE CLASSE B, NEUTRE OU UNIFOCAL SPHERIQUE SIMPLE"
3505,MONTURE ENFANT DE CLASSE A
3506,MONTURE ADULTE DE CLASSE A
3507,"VERRE DE CLASSE A, MULTIFOCAL OU PROGRESSIF TRES COMPLEXE"
3508,"VERRE DE CLASSE A, MULTIFOCAL OU PROGRESSIF COMPLEXE"
3509,"VERRE DE CLASSE A, UNIFOCAL COMPLEXE"
3510,"VERRE DE CLASSE A, NEUTRE OU UNIFOCAL SIMPLE"
3511,"APPAREILS D  ASSISTANCE RESPIRATOIRE,OXYGENOTHERAPIE A DOMICILE"
3512,AUTRES MATERIELS POUR TRAITEMENTS A DOMICILE (CHAP. 1)
3513,MATERIELS ET APPAREILS DE CONTENTION ET DE MAINTIEN (CHAP. 2)
3514,MATERIELS ET APPAREILS POUR TRAITEMENTS DIVERS (CHAP. 3)
3515,ARTICLES DE PANSEMENTS (CHAP. 4)
3516,NUTRIMENTS POUR INTOLERANTS AU GLUTEN (CHAP. 3)
3517,ALIMENTS DESTINES A DES FINS MEDICALES
3518,APPAREIL GENERATEUR D AEROSOL
3519,"VERRE DE CLASSE B, MULTIFOCAL OU PROGRESSIF SPHERO-CYLINDRIQUE A SPHERE NEGATIVE SIMPLE"
3520,"VERRE DE CLASSE B, MULTIFOCAL OU PROGRESSIF SPHERO-CYLINDRIQUE A SPHERE POSITIVE SIMPLE"
3521,ORTHESES (PETIT APPAREILLAGE) (CHAP. 1)
3522,DIVERS ORTHESES
3523,MONTURE MOINS DE 18 ANS CMU
3524,OPTIQUE ENFANT -A- MULTIFOCAUX (CMU)
3525,OPTIQUE ENFANT -B- MULTIFOCAUX (CMU)
3526,OPTIQUE -N°6 MULTIFOCAUX (CMU)
3527,OPTIQUE -ENFANT-N°1 UNIFOCAUX (CMU)
3528,OPTIQUE -ENFANT-N°2 UNIFOCAUX (CMU)
3529,OPTIQUE -ENFANT-N°3 UNIFOCAUX (CMU)
3530,OPTIQUE -ENFANT-N°4 UNIFOCAUX (CMU)
3531,OPTIQUE MEDICALE PROPREMENT DIT
3532,MONTURE/LUNETTE POUR ENFANT DE - DE 18 ANS CRPCEN (HORS CODAGE LPP)
3533,VERRES / VERRES POUR ENFANT<18 ans -CRPCEN- (hors codage LPP)
3534,REPARATION
3535,LENTILLES OPTIQUES
3536,VERRES UNIFOCAUX OP1 (CMU)
3537,VERRES UNIFOCAUX OP2 (CMU)
3538,VERRES UNIFOCAUX OP3 (CMU)
3539,VERRES UNIFOCAUX OP4 (CMU)
3540,PROTHESE AUDITIVE RAC ZERO
3541,APPAREILS ELECTRONIQUES DE SURDITE  (CHAP 3.)
3542,PROTHESES EXTERNES NON ORTHOPEDIQUES (CHAP. 4)
3543,PROTHESES OCULAIRES ET FACIALES (CHAP. 5)
3544,CHAUSSURES ORTHOPEDIQUES (CHAP. 6)
3545,ORTHOPROTHESES (CHAP 7.)
3547,APPAREILS ELECTRONIQUES DE SURDITE (CONSOMMABLES Y.C. PILES)
3548,ORTHOPROTHESES COUTEUSES
3549,PROCESSEUR POUR IMPLANT OSTE-INTEGRE
3550,PROTHESE AUDITIVE SUIVI
3551,"IMPLANT INTERNE (CHAP. 1, 2 ET 3)"
3552,IMPLANT MU PAR ELECTRICITE (CHAP. 4)
3553,OPTIQUE -ENFANT-N°5 UNIFOCAUX (CMU)
3554,OPTIQUE -ENFANT-N°6 UNIFOCAUX (CMU)
3555,OPTIQUE -ENFANT-N°7 UNIFOCAUX (CMU)
3556,OPTIQUE -ENFANT-N°8 UNIFOCAUX (CMU)
3557,OPTIQUE -ENFANT-N°9 UNIFOCAUX (CMU)
3558,LPP DEPAST PRIX LIMITE DE VENTE
3559,"VERRE DE CLASSE B, MULTIFOCAL OU PROGRESSIF SPHERIQUE SIMPLE"
3560,"VERRE DE CLASSE B, UNIFOCAL SPHERIQUE COMPLEXE"
3561,VEHICULES POUR HANDICAPES PHYSIQUES
3562,"VERRE DE CLASSE B, UNIFOCAL SPHERO-CYLINDRIQUE A SPHERE NEGATIVE COMPLEXE"
3563,MONTURE ADULTE DE CLASSE B
3564,MONTURE ENFANT DE CLASSE B
3565,OPTIQUE - ADAPTATION VERRE DE CLASSE A
3566,"VERRE DE CLASSE B, MULTIFOCAL OU PROGRESSIF SPHERIQUE COMPLEXE"
3567,"VERRE DE CLASSE B, MULTIFOCAL OU PROGRESSIF SPHERO-CYLINDRIQUE A SPHERE NEGATIVE COMPLEXE"
3568,"VERRE DE CLASSE B, MULTIFOCAL OU PROGRESSIF SPHERO-CYLINDRIQUE A SPHERE NEGATIVE TRES COMPLEXE"
3569,"VERRE DE CLASSE B, MULTIFOCAL OU PROGRESSIF SPHERO-CYLINDRIQUE A SPHERE POSITIVE COMPLEXE"
3570,OPTIQUE - AUTRE SUPPLEMENT
3572,ECART TIPS INDEMNISABLE
3573,FOURNITURE ET EQUIPEMENT DEROGATOIRES
3574,DISPOSITIF MEDICAL (PRISE EN CHARGE EXCEPTIONNELLE)
3575,COMPLEMENT AT 150% LPP
3576,PRESTATION PARTICULIERE ET PANDEMIE
3577,DELIVRANCE TAG PHIE
3578,OPTIQUE CLASSE A - SUPPLEMENT POUR MONTURE DE LUNETTES A COQUE - MOINS DE 6 ANS
3579,OPTIQUE CLASSE B - SUPPLEMENT POUR MONTURE DE LUNETTES A COQUE - MOINS DE 6 ANS
3580,OPTIQUE - ADAPTATION VERRE DE CLASSE B
3581,VERRES UNIFOCAUX OP5(CMU)
3582,VERRES UNIFOCAUX OP6(CMU)
3583,MONTURE (CMU)
3584,"OPTIQUE - APPAIRAGE NIVEAU 1, 2 OU 3 VERRE DE CLASSE A"
3585,OPTIQUE ¿ SUPPLEMENT POUR VERRES TEINTES (PLAFONNE)
3586,PROTHESE AUDITIVE PANIER 1 - RESTE A CHARGE ZERO - OREILLE GAUCHE
3587,PROTHESE AUDITIVE PANIER 1 - RESTE A CHARGE ZERO - OREILLE DROITE
3588,PROTHESE AUDITIVE PANIER 2 - AVEC RESTE A CHARGE - OREILLE GAUCHE
3589,PROTHESE AUDITIVE PANIER 2 - AVEC RESTE A CHARGE - OREILLE DROITE
3590,PROTHESES AUDITIVES - ACCESSOIRES
3591,PRISE EN CHARGE DEROGATOIRE LPP
3592,PEC EXCEPTIONNELLE DÉPASSEMENT LPP
3593,TELESURVEILLANCE : FOURNISSEUR DE LA SOLUTION
3594,PEC EXCEPTIONNELLE DEPASSEMENT LPP TP
3595,PROTHESES AUDITIVES - PILES
3596,DELIVRANCE DE MASQUE
3597,TELESURVEILLANCE COMMUN
3598,DELIVRANCE AUTOTESTS EN PHIE
3599,REALISATION TAG EN PHIE
3600,PRESERVATIFS GRATUITS
3601,TELESURVEILLANCE DEROGATOIRE
3602,SUPPLT CONDITIONNEL OPTIQUE CLS A
3610,SUPPLEMENT DEROGATOIRE SG SUR PRESTATION PHARMACIE NON REMBOURSABLE (CNMSS)
3611,SUPPLEMENT DEROGATOIRE SG SUR PRESTATION SANITAIRE NON REMBOURSABLE (CNMSS)
3612,SUPPLEMENT DEROGATOIRE SG SUR PRESTATION SANITAIRE REMBOURSABLE (CNMSS)
4111,FORFAIT DE SURVEILLANCE MEDICALE  1ER HANDICAP
4112,FORFAIT DE SURVEILLANCE MEDICALE REDUIT  2EME HANDICAP
4113,PRATIQUES MEDICALES COMPLEMENTAIRES COTEES EN K
4114,COMPLEMENT SURVEILLANCE THERMALE
4131,FRAIS DE TRANSPORT - CURES THERMALES
4132,FRAIS D  HOTEL - CURES THERMALES
4141,FORFAIT THERMAL 1
4142,FORFAIT THERMAL 2 AVEC KINESITEHRAPIE
4143,FORFAIT THERMAL 2EME ORIENTATION
4144,FORFAIT THERMAL 3 AVEC 9 SEANCES KINESITHERAPIE
4145,FORFAIT THERMAL 72 SEANCES AVEC KINE
4151,FORFAIT THERMAL 18 SEANCES COLLECTIVES
4152,FORFAIT THERMAL 18 SEANCES INDIVIDUELLES
4153,FORFAIT THERMAL 9 SEANCES COLLECTIVES
4154,FORFAIT THERMAL 9 SEANCES INDIVIDUELLES
4155,THERMAL-SEVRAGE DES PSYCHOTROPES
4156,THERMAL-SUITE CANCER DU SEIN
4157,THERMAL-TROUBLE COMPORTEMENT 72 SEANCES
4158,THERMAL-TROUBLE COMPORTEMENT 108 SEANCES
4159,DETECTION FRAGILITE SENIOR MILIEU THERMAL
4203,SUPPLEMENT TRANSPORT PERSONNE MOBILITE REDUITE
4204,FORFAIT TRANSPORT URGENCE EXTRAMUROS CPAM MEUSE
4205,FORFAIT TRANSPORT URGENCE INTRAMUROS CPAM MEUSE
4206,PRESTATION FIN DE GARDE AMBULANCE
4207,FORFAIT TRANSPORT D'URGENCE EXPERIMENTATION CPAM AUDE
4208,FORFAIT D'URGENCE SUR APPEL DU SAMU EXPERIMENTATION CPAM BOUCHES-DU-RHONE
4209,COMPLEMENT TRANSPORTS D'URGENCE
4210,Taxi tarif A
4211,SERVICES MOBILES D  URGENCE ET DE REANIMATION (SMUR)
4212,AMBULANCES AGREEES
4213,VEHICULES SANITAIRES LEGERS (VSL)
4214,TAXIS
4215,VEHICULES PERSONNELS
4216,TRANSPORT REEDUCATION PROFESSIONNEL
4217,Taxi tarif B
4218,Taxi tarif C
4219,AUTRES MODES DE TRANSPORT
4220,Taxi tarif D
4221,AMBULANCE AGREEE DE GARDE
4222,INDEMNITE DE GARDE AMBULANCIERE
4223,PART ASSOCIATION TRANSPORTEUR
4224,PRATIQUE DE GEO LOCALISATION PAR DISPOSITIF EMBARQUE
4225,FORFAIT TRANSPORT PARTAGE PAR 2 PERSONNES
4226,FORFAIT TRANSPORT PARTAGE PAR 3 PERSONNES
4227,CONTRAT D'AMELIORATION DE LA QUALITE ET DE LA COORDINATION DES SOINS
4228,CONTRAT D'AMELIORATION DE LA QUALITE ET DE LA COORDINATION DES SOINS COMPLEMENT
4229,Taxi tarif F
4230,PAIEMENT SORTIE BLANCHE
4231,COMPLEMENT MINIMUM GARANTI
4232,INTERVENTION DURANT GARDE
4233,INTERVENTION HORS GARDE
4234,INDICIAIRE TRANSPORT PARTAGE
4235,REMBT FRAIS PARKING
4236,AVION EVACUATION SANITAIRE
4237,AVION TRANSPORT SANITAIRE
4238,BATEAU EVACUATION SANITAIRE
4239,BATEAU TRANSPORT SANITAIRE
4240,TRAIN EVACUATION SANITAIRE
4241,TRAIN TRANSPORT SANITAIRE
4310,FRAIS EXPERTISE CONTENTIEUX MALADIE
4311,FRAIS DE DEPLACEMENT - ENQU'TE LEGALE AT
4312,FRAIS DE DEPLACEMENT - COLLEGE 3 MEDECINS
4313,HONORAIRES
4314,ENQUETE
4315,AUTOPSIE
4316,FRAIS EXPERTISE AMIABLE
4317,HONORAIRE COMITE  REGIONAL  RECONNAISSANCE Maladie  Professionnelle
4318,DEPLACEMENT COMITE REGIONAL RECONNAISSANCE MP
4319,DEPLACEMENT PERSONNE ENTENDUE (CRRMP)
4320,AVIS SAPITEUR
4321,FRAIS FUNERAIRES
4322,TRANSPORT DU CORPS
4323,INDEMNITE ALLOUEE EN REPARATION DES PREJUDICES EXTRA-PATRIMOMIAUX
4324,INDEMNITE DE CHANGEMENT D  EMPLOI
4325,INDEMNITE COMPLEMENTAIRE POUR REEDUCATION PROFESSIONNELLE
4326,PRETIUM PULCHRITUDINIS
4327,PRETIUM SEXUALE
4328,PREJUDICE D'AGREMENT
4329,PREJUDICE PERTE OU DIMINUTION PROMOTION PROFESSIONNELLE
4330,PREJUDICES EXTRA PATRIMONIAUX - HORS IV
4331,"REMBOURSEMENTS DE SOINS A L  ETRANGER (ET1 A ET6 ET ET8 A ET9, ETB ETA, ETH, ETT, ETP, ETX )"
4332,PREJUDICE AMIANTE
4333,FRAIS EXPERTISE CTX AT
4339,REMBOURSEMENT DE SOINS
4341,FRAIS DE TUTELLE
4342,COTISATIONS A.T. EN CAS DE READAPTATION FONCTIONNELLE
4343,COTISATIONS A.T. EN CAS DE REEDUCATION PROFESSIONNELLE
4351,PRIME DE FIN DE REEDUCATION
4352,AUTRES PRESTATIONS DIVERSES
4353,"INDEMNITE POUR PERTE DE SALAIRE (MALADIE, AT)"
4359,FORFAIT UTILISATION DES TELESERVICES
4360,FORFAIT PARTICIPATION A LA TELETRANSMISSION
4361,FACTURATION FEUILLE DE SOINS (POUR INFORMATION)
4363,AIDE A LA FACTURATION FEUILLE DES FLUX NON SECURISES
4364,AIDE MAINTENANCE TELETRANSMISSION
4365,AIDE PORTABLE TELETRANSMISSION
4366,AIDE DEMARRAGE TELETRANSMISSION
4367,AIDE ADHESION RAPIDE DISPOSITIF
4368,FORFAIT STRUCTURE CENTRE DE SANTE
4369,FORFAIT PROFESSIONNEL DE SANTE CENTRE DE SANTE
4370,FORFAIT D'INCITATION FORFAITAIRE A LA NUMERISATION ET A LA TRANSMISSION
4371,FORFAIT DE SOINS MEDICALISES (REGIME DES MINISTRES DES CULTES ET DES MEMBRES CONGR. ET COLL.RELIGIEUSES)
4372,FORFAIT REPOS CONVALESCENCE (REGIME DES MINISTRES DES CULTES ET DES MEMBRES CONGR. ET COLL.RELIGIEUSES)
4373,EXAMEN DE SANTE
4374,MÉCANISME DE COMPENSATION AUX CENTRES DE SANTÉ
4375,AIDE OUTIL DE MISE A JOUR
4376,LIGNE TELEPHONIQUE DEDIEE
4377,PIED SUPPORT MATERIEL
4378,SUPPLEMENT OFFICINE DOM
4379,AVANCE RÉMUNÉRATION SPÉCIFIQUE CENTRES DE SANTÉ
4380,SOLDE RÉMUNÉRATION SPÉCIFIQUE CENTRES DE SANTÉ
4381,ACTES NON NOMENCLATURE
4382,PHARMACIE NON REMBOURSABLE
4391,RESPONSABILITE CIVILE PROFESSIONNELLE
4392,RESPONSABILITE CIVILE ECHOGRAPHIE OBSTETRICALE
4393,RESPONSABILITE CIVILE CHIRURGIE 1
4394,RESPONSABILITE CIVILE CHIRURGIE 2
4395,RESPONSABILITE CIVILE ANESTHESIE REANIMATION
4396,PRIME RESPONSABILITE SPECIALISTE
4397,PRIME ACCREDITATION SPECIALISTE
4411,AIDE SOCIALE
4412,DISPENSAIRES ANTITUBERCULEUX
4413,DISPENSAIRES ANTIVENERIENS
4414,HYGIENE MENTALE
4415,ETABLISSEMENTS DE LUTTE CONTRE LA TUBERCULOSE
4416,PROTECTION MATERNELLE ET INFANTILE
4417,AUTRES PARTICIPATIONS FORFAITAIRES NON INDIVIDUALISEES
4419,AUTRES DEPENSES NON INDIVIDUALISEES
4501,CONTROLES MEDICAUX (CLERCS ET EMPLOYES DE NOTAIRES)
4511,CAPITAL DECES
4512,FORFAIT CDC COTISANT  TI
4513,FORFAIT CDC RETRAITE TI
4514,FORFAIT CDC POLY-RETRAITE
4515,ALLOCATION ORPHELIN D'UN TRAVAILLEUR INDEPENDANT DECEDE
4611,FORFAIT DIVERS PAYES A LA STRUCTURE DE SOINS (FILIERES ET RESEAUX)
4612,FORFAIT D EDUCATION THERAPEUTIQUE ET D INTERESSEMENT (FILIERES ET RESEAUX)
5101,FORFAIT VERRES UNIFOCAUX OP1
5102,FORFAIT VERRES UNIFOCAUX OP2
5103,FORFAIT VERRES UNIFOCAUX OP3
5104,FORFAIT VERRES UNIFOCAUX OP4
5105,FORFAIT VERRES UNIFOCAUX OP5
5106,FORFAIT VERRES UNIFOCAUX OP6
5107,FORFAIT MONTURE CMU
5108,FORFAIT CMUC MONTURE MOINS DE 18 ANS OME
5109,FORFAIT MONTURE MOINS DE 18 ANS CMU OV1
5110,FORFAIT MONTURE MOINS DE 18 ANS CMU OV2
5111,FORFAIT MONTURE MOINS DE 18 ANS CMU OV3
5112,FORFAIT MONTURE MOINS DE 18 ANS CMU OV4
5113,FORFAIT MONTURE MOINS DE 18 ANS CMU OV5
5114,FORFAIT MONTURE MOINS DE 18 ANS CMU OV6
5115,FORFAIT MONTURE MOINS DE 18 ANS CMU OV7
5116,FORFAIT MONTURE MOINS DE 18 ANS CMU OV8
5117,FORFAIT MONTURE MOINS DE 18 ANS CMU OV9
5118,FORFAIT MONTURE MOINS DE 18 ANS CMU OVA
5119,FORFAIT MONTURE MOINS DE 18 ANS CMU OVB
5120,FORFAIT MONTURE MOINS DE 18 ANS CMU OP7
5121,"FORFAIT C2S - VERRE DE CLASSE A, NEUTRE OU UNIFOCAL SIMPLE"
5122,"FORFAIT C2S - VERRE DE CLASSE A, UNIFOCAL COMPLEXE"
5123,"FORFAIT C2S - VERRE DE CLASSE A, MULTIFOCAL OU PROGRESSIF COMPLEXE"
5124,"FORFAIT C2S - VERRE DE CLASSE A, MULTIFOCAL OU PROGRESSIF TRES COMPLEXE"
5125,FORFAIT C2S - MONTURE ADULTE DE CLASSE A
5126,FORFAIT C2S - MONTURE ENFANT DE CLASSE A
5127,FORFAIT C2S - OPTIQUE - ADAPTATION VERRE DE CLASSE A
5128,FORFAIT C2S - OPTIQUE CLASSE A - SUPPLEMENT POUR MONTURE DE LUNETTES A COQUE - MOINS DE 6 ANS
5129,"FORFAIT C2S - OPTIQUE - APPAIRAGE NIVEAU 1, 2 OU 3 VERRE DE CLASSE A"
5130,FORFAIT C2S - OPTIQUE ¿ SUPPLEMENT POUR VERRES TEINTES (PLAFONNE)
5201,FORFAIT PROTHESE DENTAIRE ADJOINTE
5202,FORFAIT REPARATION PROTHESE ADJOINTE
5203,FORFAIT PROTHESE DENTAIRE CONJOINTE
5204,FORFAIT ORTHODONTIE
5205,FORFAIT PROTHESE CONJOINTE (C2S HORS PANIER DE SOINS)
5206,FORFAIT ORTHODONTIQUE (C2S HORS PANIER DE SOINS)
5401,FORFAIT AUDIO-PROTHESE
5402,FORFAIT C2S  PROTHESE AUDITIVE PANIER 2 - AVEC RESTE A CHARGE - OREILLE GAUCHE
5403,FORFAIT CMU/C2S PROTHESE AUDITIVE PANIER 2 - AVEC RESTE A CHARGE - OREILLE DROITE
6011,CARENCE -
6012,CARENCE +
6013,IJ CARENCE (CRPCEN)
6014,COMPLEMENT IJ >PLAFOND   (CRPCEN)
6110,IJ NORMALES + 6MOIS
6111,IJ NORMALES -3 MOIS
6112,IJ NORMALES +3MOIS
6113,IJ REDUITES -3MOIS
6114,IJ REDUITES +3MOIS
6115,IJ MAJOREES -3MOIS
6116,IJ MAJOREES +3MOIS
6117,"IJ PARTIELLE,  PERTE DE SALAIRE -3MOIS"
6118,"IJ PARTIELLE,  PERTE DE SALAIRE +3MOIS"
6119,IJ MAJOREES + 6 MOIS
6120,INDEMNITE TEMPORAIRE D'INAPTITUDE AT/MP
6121,IJ PRENATALES
6122,IJ POSTNATALES
6123,IJ EN CAS D  ADOPTION
6124,IJ CONGE SUPPLEMENTAIRE PREMA
6125,INDEMNITE REMPLACEMENT CONJOINTS COLLABORATEURS TI
6126,FORFAIT GROSSESSE TAUX PLEIN TI
6127,FORFAIT GROSSESSE TAUX REDUIT TI
6128,FORFAIT ADOPTION TAUX PLEIN TI
6129,FORFAIT ADOPTION TAUX REDUIT TI
6131,IJ NORMALES POUR CURE THERMALE
6132,IJ MAJOREES POUR CURE THERMALE
6133,IJ REDUITES POUR CURE THERMALE
6134,IJ MALADIE  PAMC MOINS DE 3 MOIS
6135,IJ MALADIE  PAMC PLUS DE 3 MOIS
6191,INDEMNITE DE NOURRITURE
6208,FORFAIT CONGE REPIT POUR DECES DE L'ENFANT PAMC
6209,CONGE REPIT POUR DECES DE L'ENFANT
6210,IJ PATERNITE HOSPITALISATION ENFANT
6211,ALLOCATION FEMME ENCEINTE
6212,IJ CONGE MATERNITE AU PERE
6213,INDEMNITE DE REMPLACEMENT PATERNITE
6214,IJ CONGE SUPPLEMENTAIRE MATERNITE PAMC
6215,IJ CONGE POSTNATAL PAMC
6221,ALLOCATION REPOS MATERNEL NORMAL
6222,ALLOCATION REPOS MATERNEL ADOPTION
6231,IJ CONGE PRENATAL PAMC
6232,IJ CONGE ADOPTION PAMC
6233,IJ CONGE PATHOLOGIQUE PAMC
6234,INDEMNITE MATERNITE EN CAS DE NAISSANCES MULTIPLES
6235,IND REMP CC PAMC
6236,IJ PATERNITE PAMC
6237,INDEMNITE PATERNITE CONJOINT PAMC
6238,INDEMNITES PATERNITE CONJOINT INFIRMIER
6239,INDEMNITÉ MALADIE DOUBLE ACTIVITÉ  PAMC
6241,ALLOCATION ACCOMPAGNEMENT FIN DE VIE CESSATION ACTIVITE TEMPS PLEIN
6242,ALLOCATION ACCOMPAGNEMENT FIN DE VIE CESSATION ACTIVITE REDUITE
6251,ALLOCATION NUIT NORMALE - 3 MOIS
6252,ALLOCATION NUIT NORMALE + 3 MOIS
6253,ALLOCATION NUIT MAJOREE  3 ENFANTS - 3 MOIS
6254,ALLOCATION NUIT MAJOREE  3 ENFANTS + 3 MOIS
6255,ALLOCATION NUIT MAJOREE ARRET + 6 MOIS
6256,ALLOCATION NUIT MAJOREE ARRET + 6 MOIS ET 3 ENFANTS
6257,ALLOCATION EXPOSITION NORMALE - 3 MOIS
6258,ALLOCATION EXPOSITION NORMALE + 3 MOIS
6261,ALLOCATION EXPOSITION MAJOREE 3 ENFANTS - 3 MOIS
6262,ALLOCATION EXPOSITION MAJOREE 3 ENFANTS + 3 MOIS
6263,ALLOCATION EXPOSITION ARRET + 6 MOIS
6264,ALLOCATION EXPOSITION ARRET + 6 MOIS ET 3 ENFANTS
6311,RDS IJ MATERNITE
6312,RDS ALLOC MATERNITE
7111,PENSION INVALIDITE AVANTAGES DE BASE
7112,PENSION INVALIDITE ALLOCATIONS SUPPLEMENTAIRES
7113,PENSION INVALIDITE MAJORATIONS POUR ASSISTANCE D  UNE TIERCE PERSONNE
7119,PENSIONS D  INVALIDITE SERVIES PAR LE REGIME SPECIAL DE SECURITE SOCIALE DANS LES MINES
8111,RENTES DE VICTIME
8112,MAJORATIONS POUR ASSISTANCE D  UNE TIERCE PERSONNE
8113,RENTES DE CONJOINT SURVIVANT
8114,RENTES DE REVERSION
8115,RENTES D  ORPHELIN
8116,RENTES D  ASCENDANT
8117,MAJORATION FAUTE INEXCUSABLE RENTE ASCENDANT
8118,MAJORATION FAUTE INEXCUSABLE RENTE VICTIME
8119,MAJORATION FAUTE INEXCUSABLE RENTE CONJOINT
8120,MAJORATION FAUTE INEXCUSABLE RENTE ORPHELIN
8121,PRESTATION COMPLEMENTAIRE POUR RECOURS A TIERCE PERSONNE
8221,MAJORATIONS CRISTALLISEES
8222,RACHAT OBLIGATOIRE
8223,RACHAT FACULTATIF TOTAL
8224,RACHAT FACULTATIF PARTIEL
8225,TRANSFERT DE CAPITAUX
8226,INDEMNITE EN CAPITAL ACCIDENT DU TRAVAIL
8227,MAJORATION FAUTE INEXCUSABLE INDEMNITE EN CAPITAL
9111,COMPLEMENT TICKET MODERATEUR
9112,COMPLEMENT FRAIS DE TRANSPORT ET DE SEJOUR
9113,FRAIS OCCASIONNE PAR LE DON D ORGANES
9114,COMPLEMENT AUX FRAIS D HOSPITALISATION DE LA MERE QUI ALLAITE SON ENFANT
9115,PERTE DE SALAIRE POUR ENFANT MALADE
9116,INDEMNITES JOURNALIERES MATERNITE POUR CERTAINES CATEGORIES D ASSURES
9118,FRAIS FUNERAIRES
9119,COMPLEMENT POUR CURE THERMALE
9121,COMPLEMENT TICKET MODERATEUR POUR ENFANT DE MOINS D UN AN
9122,ALLOCATION DECES
9123,COMPLEMENT MALADIES CHRONIQUES ET MAINTIEN A DOMICILE
9129,INDEMNITES COMPLEMENTAIRES EN REEDUCATION PROFESSIONNELLE
9131,INDEMNITE DE PERTE DE SALAIRE Y COMPRIS  DIALYSE A DOMICILE
9132,FRAIS DE DEPLACEMENT EN CURE THERMALE
9133,FRAIS D  HEBERGEMENT EN CURE THERMALE
9134,PRIME DE FIN DE REEDUCATION PROFESSIONNELLE
9135,AIDE FINANCIERE EXCEPTIONNELLE (SECOURS)
9141,MAJORATION LIEE A UNE VISITE D  URGENCE
9142,MAJORATION LIEE A UN K D  URGENCE
9143,SUPPLEMENT POUR SOINS AUX POLYTRAUMATISES
9144,HONORAIRES REMUNERANT LA PERMANENCE TELEPHONIQUE SUR LA BASE DE 3 C DE L HEURE (ASTREINTE)
9151,PLAN SEGUIN
9152,PLAN EVIN
9161,PRESTATIONS SUPPLEMENTAIRES ALSACE-MOSELLE
9162,SURVEILLANCE MEDICALE MATERNELLE EN ACTION SANITAIRE ET SOCIALE
9163,CENTRE EXAMEN SANTE  SAISIE MANUELLE
9164,PRESTATIONS D ASS SNCF ET REGIME GENERAL
9165,PRESTATIONS D ASS SNCF ET REGIME GENERAL
9166,PRESTATIONS D ASS SNCF ET REGIME GENERAL
9167,PRESTATIONS D ASS SNCF ET REGIME GENERAL
9168,PRESTATIONS D ASS SNCF ET REGIME GENERAL
9169,PRESTATIONS D ASS SNCF ET REGIME GENERAL
9170,PRESTATIONS D ASS SNCF ET REGIME GENERAL
9191,TICKET MODERATEUR - PREVENTION BUCCO-DENTAIRE
9201,ENTRETIEN EVALUATION
9202,SEANCE DE SUIVI
9203,SEANCE DE SUIVI A DISTANCE
9204,DEPISTAGE MALADIES SURCHARGE-DYSLIPEMIE
9205,DEPISTAGE CONDUITE ADDICTIVE
9206,DEPISTAGE AMIANTE
9207,DEPISTAGE SURDITE
9208,DEPISTAGE SCOLAIRE ENFANT
9210,FORMATION DEPISTAGE SCOLAIRE
9211,VACCIN (MILITAIRES) / VACCIN GRIPPE (CRPCEN)
9212,FORMATION LANGAGE ENSEIGNANT
9221,TEST DE DEPISTAGE RAPIDE (FOURNISSEUR)
9311,DEPISTAGE DU CANCER COLO-RECTAL
9312,DEPISTAGE DU CANCER DU SEIN (PREVENTION MALADIE)
9313,FRAIS DE LECTURE POUR MAMMOGRAPHIE
9318,ANALYSES DEPISTAGE CANCER UTERUS (PREVENTION MALADIE)
9319,PRELEVEMENTS DEPISTAGE CANCER UTERUS (PREVENTION MALADIE)
9411,CONSULTATION HYGIENE BUCCO-DENTAIRE
9412,HYGIENE BUCCO-DENTAIRE N91 (SCELLEMENT D  UNE MOLAIRE)
9413,HYGIENE BUCCO-DENTAIRE N92 (SCELLEMENT DE DEUX MOLAIRES)
9414,HYGIENE BUCCO-DENTAIRE N93 (SCELLEMENT DE TROIS MOLAIRES)
9415,HYGIENE BUCCO-DENTAIRE N94 (SCELLEMENT DE QUATRE MOLAIRES)
9421,PREVENTION BUCCO-DENTAIRE: CONSULTATION
9422,PREVENTION BUCCO-DENTAIRE: RADIO DEUX CLICHES
9423,PREVENTION BUCCO-DENTAIRE: RADIO QUATRE CLICHES
9424,PREVENTION BUCCO-DENTAIRE: RADIO EN IMAGERIE NUMERISEE
9425,TM POUR DC (MSA)
9426,TM POUR SC(MSA)
9427,TM POUR Z(MSA)
9429,CAMPAGNE BUCCO DENTAIRE MOCALES
9430,TM DE L'ACTE DE VACCINATION GRIPPE A/H1N1
9431,PREVENTION ENTRETIEN DE SANTE
9432,TM DES INDEMNITES DE DEPLACEMENTS ID et MD
9433,TM DE LA RETINOPATHIE DIABETIQUE
9434,ACTE DE DEPISTAGE DU CANCER COLORECTAL
9435,BUCCO DENT. CONSULTATION COMPLEXE
9436,BUCCO DENT. CONSULTATION ET RADIO PANORAMIQUE
9511,EXAMEN ET BILAN DE SANTE
9512,AUTRES ACTIONS COLLECTIVES DE PREVENTION
9513,CONSULTATION PREVENTION
9514,CONSULTATION DIETETIQUE
9521,ACTES DE PREVENTION
9566,TRAITEMENT NICOTINIQUE DE SUBSTITUTION
9567,REMUNERATION ADHESION SOPHIA (PREVENTION)
9568,REMUNERATION RENOUVELLEMENT SOPHIA (PREVENTION)
9569,RETOUR DOM. INSUFFISANT CARDIAQUE
9570,BRONCHO-PNEUMOPATHIE CHRONIQUE OBSTRUCTIVE
9605,GESTION DU REPIT
9701,"COMPLEMENT D ACTION SOCIALE APPAREIL DE SURDITE (CLERCS ET EMPLOYES DE NOTAIRES, PORT AUTONOME DE BORDEAUX)"
9702,COMPLEMENT D ACTION SOCIALE BRIDGE (CLERCS ET EMPLOYES DE NOTAIRES)
9703,COMPLEMENT D ACTION SOCIALE DENTAIRE (CLERCS ET EMPLOYES DE NOTAIRES)
9704,"COMPLEMENT D ACTION SOCIALE PROTHESES DENTAIRES (CLERCS ET EMPLOYES DE NOTAIRES, PORT AUTONOME DE BORDEAUX)"
9705,COMPLEMENT D ACTION SOCIALE DENTAIRE ALSACE MOSELLE (CLERCS ET EMPLOYES DE NOTAIRES)
9706,COMPLEMENT D ACTION SOCIALE OPTIQUE (CLERCS ET EMPLOYES DE NOTAIRES)
9707,"COMPLEMENT D ACTION SOCIALE OPTIQUE, ENFANT DE MOINS DE 16 ANS (CLERCS ET EMPLOYES DE NOTAIRES)"
9708,"COMPLEMENT D ACTION SOCIALE MONTURES (CLERCS ET EMPLOYES DE NOTAIRES, PORT AUTONOME DE BORDEAUX)"
9709,"COMPLEMENT D ACTION SOCIALE VERRES (CLERCS ET  EMPLOYES DE NOTAIRES, PORT AUTONOME DE BORDEAUX)"
9710,"COMPLEMENT D ACTION SOCIALE LENTILLES (CLERCS ET EMPLOYES DE NOTAIRES, PORT AUTONOME DE BORDEAUX)"
9711,PRIME DE LAYETTE (CLERCS ET  EMPLOYES DE NOTAIRES)
9712,ALLOCATION VOYAGE DES ENFANTS A LA COLONIE DU PRARIAND (CLERCS ET EMPLOYES DE NOTAIRES)
9713,AIDE AUX SEJOURS DES ENFANTS (CLERCS ET EMPLOYES DE NOTAIRES)
9714,ALLOCATION VACANCES (CLERCS ET EMPLOYES DE NOTAIRES)
9715,AIDES FINANCIERES INDIVIDUELLES OPTIQUE
9716,ACTION SOCIALE DENTAIRE
9717,ACTION SOCIALE AUDITIF
9719,AIDES FINANCIERES INDIVIDUELLES HOSPITALISATION
9720,AMENAGEMENT PRET
9721,AIDES FINANCIERES INDIVIDUELLES DIFFICULTES FINANCIERES
9722,AIDES FINANCIERES INDIVIDUELLES AUTRES
9723,VACANCES RETRAITES (CLERCS ET EMPLOYES DE NOTAIRES)
9724,AIDE A LA SCOLARITE (CRPCEN)
9725,ACCUEIL JEUNE ENFANT (CRPCEN)
9726,PRESTATIONS SUPPLÉMENTAIRES OPTIQUES CRPCEN
9727,PRESTATIONS SUPPLÉMENTAIRES ACOUSTIQUES CRPCEN
9728,AMELIORATION QUALITE VIE (CRPCEN)
9729,ACCUEIL JEUNE ENFANT - CRPCEN 1
9730,ACCUEIL JEUNE ENFANT - CRPCEN 2
9731,COMPLEMENT A L'ACS
9732,AIDE A L'ACQUISITION D'UNE COUVERTURE COMPLEMENTAIRE POUR LES VICTIMES DU SEUIL ACS
9733,AIDE AU REPIT D'UN INDEPENDANT ACTIF
9734,AIDE AUX INDEPENDANTS INVALIDES
9735,AIDE AU MAINTIEN DANS L'ACTIVITE
9736,APUREMENT PRET
9737,CONSULTATION MEDICO-PRO TI
9741,AIDES AU LOGEMENT
9742,AIDE A LA COMMUNICATION HORS AUDITIF
9743,AIDES A LA DEAMBULATION ET AU TRANSPORT
9744,AUTRES TYPES D AIDES
9751,FOURNITURES ET ACCESSOIRES NON REMBOURSABLES
9752,GARDES MALADES A DOMICILE
9761,AIDES FINANCIERES INDIVIDUELLES ORTHODONTIE
9762,AIDES FINANCIERES INDIVIDUELLES PHARMACIE/LPP
9763,AIDES FINANCIERES A CARACTERE SOCIAL AFFECTEES AU LOGEMENT
9764,AIDES FINANCIERES A CARACTERE SOCIAL AFFECTEES AUX BESOINS ALIMENTAIRES ET VESTIMENTAIRES
9765,AIDES FINANCIERES A CARACTERE SOCIAL AFFECTEES AUX FRAIS DE SCOLARISATION
9766,AIDES FINANCIERES A CARACTERE SOCIAL AFFECTEES AUX REGLEMENTS D'IMPOTS TAXES ET PRIMES
9767,AIDES FINANCIERES A CARACTERE SOCIAL D'ATTENTE DE VERSEMENT DE REVENUS DE SUBSTITUTION
9768,AIDES FINANCIERES A CARACTERE SOCIAL AFFECTEES AUX FRAIS D'OBSEQUES
9769,AIDES FINANCIERES A CARACTERE SOCIAL PALLIANT L'ABSENCE DE REVENUS
9771,AIDES PROTHESES AUDITIVES
9772,AIDES MENAGERES
9773,AIDES MENAGERES SORTIE D'HOSPITALISATION COORDONNEE
9774,ACTES FOURNITURES SORTIE D'HOSPITALISATION COORDONNEE
9775,AIDES MENAGERES PROGRAMME D'ACCOMPAGNEMENT APRES INTERVENTION ORTHOPEDIQUE
9776,ACTES FOURNITURES PROGRAMME D'ACCOMPAGNEMENT APRES INTERVENTION ORTHOPEDIQUE
9777,PHARMACIE NON REMBOURSABLE SOINS PALLIATIFS
9778,BILANS DE COMPETENCES ET REORIENTATION PROFESSIONNELLE
9801,CODES MIS A LA DISPOSITION DE LA SNCF
9802,CODES MIS A LA DISPOSITION DE LA SNCF
9803,CODES MIS A LA DISPOSITION DE LA SNCF
9804,CODES MIS A LA DISPOSITION DE LA SNCF
9805,CODES MIS A LA DISPOSITION DE LA SNCF
9806,CODES MIS A LA DISPOSITION DE LA SNCF
9807,CODES MIS A LA DISPOSITION DE LA SNCF
9808,CODES MIS A LA DISPOSITION DE LA SNCF
9809,CODES MIS A LA DISPOSITION DE LA SNCF
9810,CODES MIS A LA DISPOSITION DE LA SNCF
9811,CODES MIS A LA DISPOSITION DE LA SNCF
9812,CODES MIS A LA DISPOSITION DE LA SNCF
9813,CODES MIS A LA DISPOSITION DE LA SNCF
9814,CODES MIS A LA DISPOSITION DE LA SNCF
9815,CODES MIS A LA DISPOSITION DE LA SNCF
9816,CODES MIS A LA DISPOSITION DE LA SNCF
9817,CODES MIS A LA DISPOSITION DE LA SNCF
9818,CODES MIS A LA DISPOSITION DE LA SNCF
9819,CODES MIS A LA DISPOSITION DE LA SNCF
9820,CODES MIS A LA DISPOSITION DE LA SNCF
9821,CODES MIS A LA DISPOSITION DE LA SNCF
9822,CODES MIS A LA DISPOSITION DE LA SNCF
9823,CODES MIS A LA DISPOSITION DE LA SNCF
9824,CODES MIS A LA DISPOSITION DE LA SNCF
9825,CODES MIS A LA DISPOSITION DE LA SNCF
9826,CODES MIS A LA DISPOSITION DE LA SNCF
9827,CODES MIS A LA DISPOSITION DE LA SNCF
9828,CODES MIS A LA DISPOSITION DE LA SNCF
9829,CODES MIS A LA DISPOSITION DE LA SNCF
9830,CODES MIS A LA DISPOSITION DE LA SNCF
9831,CODES MIS A LA DISPOSITION DE LA SNCF
9832,CODES MIS A LA DISPOSITION DE LA SNCF
9833,CODES MIS A LA DISPOSITION DE LA SNCF
9834,CODES MIS A LA DISPOSITION DE LA SNCF
9835,CODES MIS A LA DISPOSITION DE LA SNCF
9836,CODES MIS A LA DISPOSITION DE LA SNCF
9837,CODES MIS A LA DISPOSITION DE LA SNCF
9838,CODES MIS A LA DISPOSITION DE LA SNCF
9839,CODES MIS A LA DISPOSITION DE LA SNCF
9840,CODES MIS A LA DISPOSITION DE LA SNCF
9841,CODES MIS A LA DISPOSITION DE LA SNCF
9842,CODES MIS A LA DISPOSITION DE LA SNCF
9843,CODES MIS A LA DISPOSITION DE LA SNCF
9844,CODES MIS A LA DISPOSITION DE LA SNCF
9845,CODES MIS A LA DISPOSITION DE LA SNCF
9846,CODES MIS A LA DISPOSITION DE LA SNCF
9847,CODES MIS A LA DISPOSITION DE LA SNCF
9848,CODES MIS A LA DISPOSITION DE LA SNCF
9849,CODES MIS A LA DISPOSITION DE LA SNCF
9850,CODES MIS A LA DISPOSITION DE LA SNCF
9851,CODES MIS A LA DISPOSITION DE LA SNCF
9852,CODES MIS A LA DISPOSITION DE LA SNCF
9853,CODES MIS A LA DISPOSITION DE LA SNCF
9854,CODES MIS A LA DISPOSITION DE LA SNCF
9855,CODES MIS A LA DISPOSITION DE LA SNCF
9856,CODES MIS A LA DISPOSITION DE LA SNCF
9857,CODES MIS A LA DISPOSITION DE LA SNCF
9858,CODES MIS A LA DISPOSITION DE LA SNCF
9859,CODES MIS A LA DISPOSITION DE LA SNCF
9860,CODES MIS A LA DISPOSITION DE LA SNCF
9861,CODES MIS A LA DISPOSITION DE LA SNCF
9862,CODES MIS A LA DISPOSITION DE LA SNCF
9863,CODES MIS A LA DISPOSITION DE LA SNCF
9864,CODES MIS A LA DISPOSITION DE LA SNCF
9865,CODES MIS A LA DISPOSITION DE LA SNCF
9866,CODES MIS A LA DISPOSITION DE LA SNCF
9867,CODES MIS A LA DISPOSITION DE LA SNCF
9868,CODES MIS A LA DISPOSITION DE LA SNCF
9869,CODES MIS A LA DISPOSITION DE LA SNCF
9870,CODES MIS A LA DISPOSITION DE LA SNCF
9871,CODES MIS A LA DISPOSITION DE LA SNCF
9872,CODES MIS A LA DISPOSITION DE LA SNCF
9873,CODES MIS A LA DISPOSITION DE LA SNCF
9874,CODES MIS A LA DISPOSITION DE LA SNCF
9875,CODES MIS A LA DISPOSITION DE LA SNCF
9876,CODES MIS A LA DISPOSITION DE LA SNCF
9877,CODES MIS A LA DISPOSITION DE LA SNCF
9878,CODES MIS A LA DISPOSITION DE LA SNCF
9879,CODES MIS A LA DISPOSITION DE LA SNCF
9880,CODES MIS A LA DISPOSITION DE LA SNCF
9881,CODES MIS A LA DISPOSITION DE LA SNCF
9882,CODES MIS A LA DISPOSITION DE LA SNCF
9883,CODES MIS A LA DISPOSITION DE LA SNCF
9884,CODES MIS A LA DISPOSITION DE LA SNCF
9885,CODES MIS A LA DISPOSITION DE LA SNCF
9886,CODES MIS A LA DISPOSITION DE LA SNCF
9887,CODES MIS A LA DISPOSITION DE LA SNCF
9888,CODES MIS A LA DISPOSITION DE LA SNCF
9889,CODES MIS A LA DISPOSITION DE LA SNCF
9890,CODES MIS A LA DISPOSITION DE LA SNCF
9891,CODES MIS A LA DISPOSITION DE LA SNCF
9892,CODES MIS A LA DISPOSITION DE LA SNCF
9893,CODES MIS A LA DISPOSITION DE LA SNCF
9894,CODES MIS A LA DISPOSITION DE LA SNCF
9895,CODES MIS A LA DISPOSITION DE LA SNCF
9896,CODES MIS A LA DISPOSITION DE LA SNCF
9897,CODES MIS A LA DISPOSITION DE LA SNCF
9898,CODES MIS A LA DISPOSITION DE LA SNCF
9899,CODES MIS A LA DISPOSITION DE LA SNCF
9901,TRANSPORT POUR PERSONNE ACCOMPAGNANTE (MILITAIRES)
9902,AIDE SOCIALE (MILITAIRES)
9911,AIDE MENAGERE
9912,AIDE MENAGERE FAMILIALE (MILITAIRES)
9999,VALEUR INCONNUE
